Company Name,Phone Number,Address,Website,Country
10hoch4 Energiesysteme GmbH,+43 676 3090780,"Gauermanngasse 20f, A-2700 Wr. Neustadt",www.10hoch4.at,Austria
1st Level Solar GmbH,+43 1 4168517,"Drewitzweg 12, 1140 Wien",www.1stlevelsolar.com,Austria
Adler Erik,+43 664 2341680,"Innovative Elektrotechnik, Kaiserweg 15, 6372 Oberndorf in Tirol",www.adler-technik.at,Austria
AES Energie Technik GmbH,+43 2872 754120,"Spitzer Straße 24, 3631 Ottenschlag",www.aes-energietechnik.at,Austria
Air Toshiba,+43 2266 22260,"Schlossweg 1, 2100 Leobendorf",https://www.air-toshiba.at,Austria
Allmer GmbH,+43 7487 2241,"Unterer Markt 18, 3264, Gresten",https://www.air-toshiba.at,Austria
Alois & Peter Samhaber GesmbH,+43 7276 2768,"Untwüsten 2, A-4722 Peuerbach",www.samhaber-gmbh.at,Austria
Alois Perwein GmbH,+43 6452 6401,"Untere Marktstraße 34, 5541 Altenmarkt im Pongau",www.perwein.at,Austria
Alpsan Vertriebs GmbH,+43 5232 2100160,"Messerschmittweg 38, 6175 Kematen in Tyrol",https://www.alpsan.at,Austria
Alternativ Installationen GmbH,+43 7734 34014,"Bergstraße 5, 4716 Hofkirchen an der Trattnach",www.a-i.at,Austria
Andreas Gretzel Elektro - Photovoltaik,+43 664 2378462,"95, Lichtenau, 3522",www.photovoltaik-gretzel.at,Austria
Andreas Kreiseder GmbH,+43 662 480276,"Untergrubstr 20, 5161 Elixhausen",www.andreas-kreiseder.at,Austria
APEM GmbH,+43 3337 33323,"Auweg 358, 8250 Vorau",https://www.apem.at,Austria
Appel GmbH,+43 2841 9001,"Titus Appel-Straße 1, 3902 Vitis",appel.at,Austria
ARES - Energysystems GmbH,+43 699 10201021,"Mayerling 42, 2534, Alland",www.ares-energysystems.com,Austria
Austria Energy Group,+43 1 3363336,"Stubenring 18/10, 1010, Vienna",https://www.austriaenergy.com,Austria
AustroInstal Srl,+43 688 60777111,Hauptstrasse 29,www.austroinstal.ro,Austria
Balmax Solar & Elektrotechnik,+43 2683 48980,"Industriegelände 1, A-7082, Donnerskirchen",www.balmax.at,Austria
Bau & Dach GmbH Spenglerei - Dachdeckerei,+43 316 723130,"Weinitzenstraße 55, 8045, Graz",www.bau-dach.at,Austria
Baumgartner Energy GmbH,+43 7735 20256,"Bernhartsdorf 14, A-4673 Gaspoltshofen",www.baum-energy.at,Austria
Bayer GmbH,+43 2758 4010,"Hauptplatz 18, 3650, Pöggstall",www.bayer-installationen.com,Austria
Bayer Elektrohandel GmbH,+43 7586 7281,"Vorchdorfer Straße 16, 4643 Pettenbach",https://www.elektrobayer.com,Austria
BE-Tech,+43 676 3727610,"Jubiläumsstrasse 3, A-2620, Mollram",www.be-tech.at,Austria
BF Elektrotechnik Gmbh,+43 699 10308291,"Rotschitzenstrasse 14, 9073 Klagenfurt",www.bf-elektrotechnik.at,Austria
Blaim GmbH,+43 2982 3667,"Zwettler Straße 22, 3580 Horn",www.solarprofi.at,Austria
Blue-Solution GmbH,+43 2234 744680,"Viktor Adler Strasse 2, 2435 Ebergassing",www.blue-solution.at,Austria
Betriebsmontagen Dienstleistungen GmbH,+43 7248 61591,"Manglburg 15, 4710 Grieskirchen",www.bmd.co.at,Austria
BOS GmbH,+43 512 583872,"Ing. Etzel Strasse, Bogen 56 A, 6020, Innsbruck",www.bos-technology.eu,Austria
Wärme- und Elektrotechnik Wilfried Boxrucker,+43 7713 505515,"Linden 4, A-4783, Wernstein am Inn",www.boxrucker.at,Austria
Bramac Dachsysteme International GmbH,+43 2757 40100,"Bramacstraße 9, A-3380, Pöchlarn",www.bramac.com,Austria
BRE Installationen Buchner-Raidel-Enzinger GesmbH,+43 6215 82150,"Mondseerstraße 1, 5204, Straßwalchen",https://www.bre.at,Austria
Breitsprecher Erneuerbare Energien GmbH,+43 699 13322441,"Lindengasse 64B, A-2230 Gänserndorf",www.breitsprecher.at,Austria
Brüder Gros,+43 1810 51000,"Hohenbergstraße 22, 1120, Wien",https://www.bruedergros.at,Austria
Dachdeckerei Spenglerei Brugger GmbH,+43 4762 81719,"An der Sandleiten 10, 9871, Seeboden am Millstätter See",www.bruggerdach.at,Austria
Brunner Max GmbH,+43 5242 64535,"Bergwerkstraße 4a, 6130 Schwaz",www.haustechnik-brunner.at,Austria
BW-Dach,+43 699 12980012,"Koschatstraße 44, 9800, Spittal an der Drau",https://www.bw-dach.at,Austria
Carbon Projektentwicklung GmbH,+43 2734 32270,"Seestraße 59, 3550 Langenlois",www.carbon-austria.com,Austria
Clean Capital Energy Group GmbH,+43 50 2640,"Klosterstrasse 2, 4451 Garsten",https://at.cce.solar,Austria
CCE Österreich GmbH,+43 50 2640,"Klosterstraße 2, 4451 Garsten",https://www.cc-energy.com,Austria
Clicksolar GmbH,+43 463 740488,"Siegfried Marcus Straße 5, 9065 Ebenthal in Kärnten",www.clicksolar.at,Austria
Conversio GmbH,+43 4769 20834,"Hauptstraße 39, 9813 Möllbrücke",conversioaustria.at,Austria
CPG Competitive Power Generation GmbH,+43 1 9710971,"Lebererckstraße 35, 1140, Wien",https://www.cpg-power.at,Austria
CrossPower Energy GmbH,+43 2236 367633,"Hauptstraße 14, 2344, Maria Enzersdorf",https://www.cpg-power.at,Austria
Dachdeckerei Hans-Peter Felbermayer,+43 2236 41548,"Hauptstraße 120, 2371 Hinterbrühl",www.hpf-dach.at,Austria
DAfi GmbH,+43 6458 20160,"Niedernfritzerstrasse 120, A-5531 Eben im Pongau",www.dafi.at,Austria
De Corti GmbH,+43 3465 3147,"Dietmannsdorf 28, 8543, St. Martin im Sulmtal",https://www.decorti.at,Austria
Die Elektroprofis,+43 650 3952865,"Brandwiesweg 5, 6383, Erpfendorf",www.elektroprofis.at,Austria
DieNeuen Bau & Haustechnik GmbH,+43 3179 27755,"Wiedenbergstraße 37, A-8162 Passail",www.die-neuen.at,Austria
Dillinger Installationstechnik,+43 2272 63328,"Ziegelfeldstraße 8, A-3430 Tulln",www.dillinger.co.at,Austria
Dino Energie GmbH,+43 669 13323333,"Schachnerstraße 20a, A-1220 Wien",www.dino-energie.at,Austria
Dipl. Ing. F. Legerer Installationstechnik GesmbH,+43 2282 8538,"Bahnstraße 9, 2230 Gänserndorf",www.haustechnik-legerer.at,Austria
Dispo-projekts,+43 676 5441909,"Neustift bei Sooß 2, 3383 Hürm",www.sonnenkw.at,Austria
Doma Elektro Engineering GmbH,+43 7752 81097,"Roith 7, 4921, Hohenzell",www.sonnenkw.at,Austria
DOMA Solartechnik,+43 5524 53530,"Sonnenstrasse 1, 6822 Satteins, Vorarlberg",www.domasolar.com,Austria
Ing. Hans Drascher GmbH,+43 1 7987538,"Franzosengraben 11, 1030, Wien",www.drascher.at,Austria
E-klar Technologies GmbH,+43 7766 4444,"Riedfeldstraße 5, 4770 Andorf",www.e-klar.com,Austria
E-Natura GmbH,+43 676 3025582,"Ritter-Waldaufstr. 23a,  6112 Wattens",www.e-natura.at,Austria
E-Tech Demuth GmbH,+43 2142 20030,"Heidesiedlung 69, A-2422, Pama",www.e-techdemuth.at,Austria
E-Technik Laure GmbH,+43 463 511282,"Ankershofenstraße 2, 9020, Klagenfurt am Wörthersee",https://www.et-laure.at,Austria
E-Werk Gleinstätten GmbH,+43 3457 40110,"A-8443, Gleinstätten 5",www.ktg-austria.at,Austria
E-Werk Gröbming,+43 3685 223430,"Hauptstraße 434, A-8962, Gröbming",https://www.das-ewerk.at,Austria
E. Kneidinger GmbH & Co. KG,+43 7223 85275,"Landstraße 3b, 4470 Enns",www.elektro-kneidinger.at,Austria
E.C.E. Wurmitzer GmbH,+43 4276 3663,"Pojedl 5, 9562, Himmelberg",www.wurmitzer.at,Austria
e.denzel GmbH,+43 316 273188,"Laubgasse 10, 8055 Graz",www.e-denzel.at,Austria
E1 Wärme und Energie GmbH,+43 316 900055000,"Mitterstraße 180a, 8055 Graz",www.e-eins.at,Austria
EAH Elektro-Anlagen-Huber GmbH,+43 5442 62750,"Urichstraße 92, 6500, Landeck",www.e-eins.at,Austria
Elektro- Anlagen u. Verteilerbau GmbH,+43 7748 32214,"Hackenbuch 11-12, 5141 Moosdorf",https://www.eav-gmbh.at,Austria
Eco-Tec.at Photovoltaics GmbH,+43 3682 243640,"Altirdning Öblarnerstraße 187, A-8952 Irdning",www.eco-tec.at,Austria
Ecowatt Erneuerbare Energien GmbH,+43 3124 541110,"Feldgasse 18, A-8111, Gratwein-Straßengel",https://www.ecowatt.at,Austria
Elektrotechnik Christoph Peer,+43 664 4244338,"Klachau 69, 8982 Bad Mitterndorf",https://www.elektro-christophpeer.at,Austria
Edirektsolar GmbH,+43 5574 23891,"Alte Strasse 22, A-6971, Hard",www.edirektsolar.at,Austria
EET-Knees GmbH & Co KG,+43 4224 23735,"Görtschitztal Straße 108, 9064, Lassendorf",https://www.eet-knees.at,Austria
EGIP GmbH,+43 664 88187400,"St. Marein 127, A-9431 St. Stefan",www.egip.at,Austria
Ehoch2 Energy Engineering,+43 676 5342989,"Flösserweg 17, 6423 Mötz",www.ehoch2.co.at,Austria
Einsiedler Solartechnik GmbH,+43 7242 43284,"Katzbacher Str. 10, 4631 Katzbach",www.einsiedler-solar.at,Austria
ekt Photovoltaik Elektro und Kommunikationstechnik,+43 6244 20500,"Georgenberg 437, 5431 Kuchl, Österreich",www.ekt.at,Austria
Elektro Tischner & Klein GmbH,+43 4242 550110,"Wiesensteig 19, A-9500, Villach",www.etk.at,Austria
Elando Elektrotechnik GmbH,+43 6582 21003,"Kehlbach 61, 5760, Saalfelden am Steinernen Meer",www.etk.at,Austria
Electric Maric GmbH,+43 316 824294,"Schörgelgasse 7, 8010 Graz",www.elektro-marics.at,Austria
Electrical Engineering Leitinger Photovoltaik GmbH,+43 6583 20901,"Hirnreit 182, 5771 Leogang",https://www.photovoltaik-elektrotechnik.at,Austria
Electrical Engineering Thomas Ostermann GmbH,+43 664 2711117,"Marktstrasse 24, 2851, Krumbach",www.thomasostermann.at,Austria
Elekrtotechnik Fritz,+43 650 2025483,"Bundesstraße 236, 5505 Mühlbach am Hochkönig",https://www.elektrofritz.at,Austria
Elektrizitätswerk Gösting V. Franz GmbH,+43 316 60770,"Viktor-Franz-Straße 13-23, 8051, Graz",www.ewg.at,Austria
Elektro - Industrieanlagenbau GesmbH,+43 800 400171731,"Friedhofstraße 28, 4311 Schwertberg",www.elektrofleischer.at,Austria
Elektro & Electronic Brunmüller GmbH,+43 7476 773200,"Mittlerer, Markt 2, 3361 Aschbach",www.brunmueller.at,Austria
Elektro Achorner GmbH,+43 5356 63326,"Pfarrfeld 2, A-6370 Reith / Kitzbühel, Tirol",https://www.elektro-achorner.at,Austria
Elektro Antretter GmbH,+43 5334 6225,"Pfarrgasse 2, 6363, Westendorf",elektro-antretter.at,Austria
Elektro Auer GmbH,+43 1 6039200,"Himberger Straße 224, 1100 Wien",www.elektro-auer.com,Austria
Elektro Babinsky KG,+43 2952 2146,"Pfarrgasse 12, 2020 Hollabrunn",www.elektrobabinsky.at,Austria
Firma Elektro Böhm,+43 664 4710544,"Wagnergasse 6, 2170 Poysdorf",www.elektrobabinsky.at,Austria
Elektro Buchinger GmbH,+43 7682 6275,"Marktstrasse 6, 4870, Vöcklamarkt",expert-buchinger.at,Austria
Elektro Buder GmbH,+43 7246 801880,"Edisonstraße 5, 4623 Gunskirchen",www.elektro-buder.at,Austria
Elektro Dohr GmbH,+43 4352 2293,"Bahnhofplatz 5, 9400, Wolfsberg",https://www.elektro-dohr.at,Austria
Elektro Dollfuß GmbH,+43 7483 7077,"Ringstraße 3, A-3281 Oberndorf an der Melk",www.elektrodollfuss.at,Austria
Elektro Ebner Gesellschaft m.b.H. & Co. KG.,+43 7435 52594,"Werkstraße 26, 4300, St. Valentin",https://www.elektroebner.at,Austria
Elektro Enzi Handelsges m.b.H.,+43 4235 2292,"Bründlweg 2, 9150 Bleiburg",www.elektroenzi.at,Austria
Elektro EPP GmbH,+43 2642 52017,"Ufergasse 2, 2870 Aspang",elektro-epp.at,Austria
Elektro ESL Gmbh,+43 6474 29120,"Reg. Haas Platz 1, 5580 Tamsweg",www.esl-elektro.at,Austria
Elektro Feichtner,+43 7712 2401,"Linzer Straße 72, 4780, Schärding",https://elektro-feichtner.at,Austria
Elektro Froschauer Gesellschaft mbH & Co KG,+43 7479 7264,"Markt 53, 3321, Ardagger",expertfroschauer.at,Austria
Elektro Gasser GmbH,+43 48 22303,"Winklern 112, A-9841, Winklern",www.elektro-gasser.at,Austria
Elektro Göbl-Schachinger GmbH,+43 664 4529629,"Raimundstraße 17, 3250, Wieselburg",et-schachinger.at,Austria
Elektro Hackl GmbH,+43 4762 42073,"Ponauer Str. 28, 9800 Spittal an der Drau",www.elektrohackl.at,Austria
Elektro Hainz GmbH,+43 5282 2578,"Talstraße 52, 6284, Ramsau im Zillertal",www.elektro-hainz.at,Austria
Elektro Hartlieb GmbH,+43 4762 5235,"Ladinigstraße 1, 9800 Spittal a.d. Drau",www.elektro-hartlieb.at,Austria
Elektro Helmut Sunk eU,+43 676 4970586,"Blumau 6/1, 3204 Kirchberg/Pielach",www.elektro-sunk.at,Austria
Elektro Hentschel Gesellschaft m.b.H.,+43 3622 716730,"Altaussee 49, 8992, Altaussee",www.elektro-sunk.at,Austria
Elektro Horvath GesmbH,+43 2146 2317,"Mittlere Hauptstrasse 39, 2425, Nickelsdorf",www.elektrohorvath.at,Austria
Elektro Kammerhofer GmbH,+43 3858 61110,"Grazer-Straße 66, 8662, St. Barbara im Mürztal",www.ok-kammerhofer.at,Austria
"Kammerhofer & Co. Elektrotechnisches Installationsunternehmen, GmbH",+43 7252 891,"Zirerstraße 7, 4400 Steyr",www.kammerhofer.at,Austria
Elektro Karrer GesmbH,+43 7224 4318,"Linzer Straße 30, 4490 St. Florian",www.karrernet.at,Austria
Elektro Kern GmbH,+43 7942 72600,"Schlag 84, 4264 Grünbach",www.e-kern.at,Austria
Elektro Klocker GMBH,+43 5334 30720,"Dorfstraße 66, 6364, Brixen im Thale",https://www.elektro-klocker.at,Austria
Elektro Kogler GesmbH,+43 4262 2676,"Rudolf Sodek-Str. 15, 9321 Kappel am Krappfeld",www.elektro-kogler.at,Austria
Elektro Kölbel KG,+43 7444 7251,"Hauslehen 109, 3342, Opponitz",www.elektro-koelbel.at,Austria
Elektro Korschan e.U.,+43 2622 71017,"Hauptplatz 4, 2604, Theresienfeld",www.solar-pv.at,Austria
Elektro Kropiunik GesmbH,+43 4228 3397,"Franzendorf 48, 9072, Ludmannsdorf",www.elektro-kropiunik.at,Austria
Elektro Lafer GmbH,+43 3472 2142,"Grazer Strasse 8, A-8480 Mureck",www.elektro-lafer.at,Austria
Elektro Landschützer GmbH & Co KG,+43 6477 8389,"Davidgasse 291, 5582, St. Michael im Lungau",expert-landschuetzer.at,Austria
Elektro Lang GmbH & Co KG,+43 3455 804420,"Hauptplatz 34a , A-8454, Arnfels",www.elektro-lang.at,Austria
Elektro Langeder GmbH & Co KG,+43 6468 52900,"Markt 58, 5450, Werfen",https://www.elektro-langeder.at,Austria
Elektro Leitl GmbH,+43 7723 42380,"Hütterweg 10, 4950 Altheim",www.elektro-leitl.at,Austria
Elektro Lichtenwagner GmbH & Co KG,+43 7615 7377,"Neu-Scharnstein 50, A-4644, Scharnstein",www.elektro-lichtenwagner.at,Austria
Elektro Lipp,+43 676 7510771,"Göttweigerstr 475, 3511 Furth bei Göttweig",https://www.elektro-lipp.at,Austria
Elektro Andreas Maislinger,+43 7748 3041,"Willersdorf 15, 5143 Feldkirchen",www.elektro-maislinger.at,Austria
Elektro Mayerhofer Ges.m.b.h.,+43 2253 7971,"Hauptstraße 12, 2522 Oberwaltersdorf",https://www.ekm1.at,Austria
Elektro Meier Hubert,+43 6641 449803,"Holzleiten 11, 5112 Lamprechtshausen",www.elektro-meier-hubert.at,Austria
Elektro Mörth GmbH,+43 2953 2326,"Kammersdorf 105, 2033 Kammersdorf",www.elektro-moerth.at,Austria
Energietechnik Nauschnegg GmbH,+43 3466 43054,"Eibiswald 126, 8552 Eibiswald, Steiermark",www.nauschnegg.at,Austria
Elektro Neuböck Ges.m.b.H. & Co. KG,+43 7719 86100,"Dorfgasse 1, 4775, Taufkirchen Pram",www.neuboeck.at,Austria
Elektro Neuhuber GmbH,+43 7682 4094,"Hauptstraße 7, A-4872, Neukirchen an der Vöckla",www.elektro-neuhuber.at,Austria
Elektro Neunegger GmbH,+43 4762 2314,"Gewerbezeile 7, 9800, Spittal an der Drau",www.elektro-neuhuber.at,Austria
Elektro Oberreiter GmbH & Co. KG,+43 7945 7686,"Markt 28, A-4271, St. Oswald bei Freistadt",www.elektro-oberreiter.at,Austria
Elektro Ortner GmbH,+43 4852 68660,"Albin Egger-Str. 26, 9900, Lienz",elektro-ortner.at,Austria
Elektro Pointner,+43 699 18000097,"Aumühlstraße 13, A-4050, Traun",www.elektro-pointner.at,Austria
Elektro Pühringer GmbH,+43 7269 7575,"Eichpichl 5, 4341 Arbing",www.ep-puehringer.at,Austria
Elektro Rapold GmbH,+43 2674 87373,"Weissenbacher Straße 22, 2564, Weissenbach an der Triesting",https://www.elektro-rapold.at,Austria
Elektro Rauch e.U.,+43 2854 6370,"Kirchberg am Walde 29, 3932 Kirchberg am Walde, Österreich",www.elektro-rauch.at,Austria
Elektro Rauhofer GmbH & Co. KG,+43 1616 72810,"Wagner-Schönkirch-Gasse 19, A-1230, Wien",www.rauhofer.at,Austria
Elektro Rechberger GmbH,+43 3336 4383,"Arzberg 116, 8253 Waldbach",www.elektro-rechberger.at,Austria
Elektro Reiter,+43 662 823461,"Nonntaler Hauptstrasse 84, 5020, Salzburg",www.elektroservicepartner-reiter.at,Austria
Elektro Rutter GmbH,+43 4232 2242,"Strandbadweg 2, 9100, Völkermarkt",elektro-rutter.at,Austria
Elektro Schober GmbH,+43 2955 71188,"Ruppersthal 71, 3701, Ruppersthal",www.elektro-schober.at,Austria
Elektro Schwaiger GmbH,+43 6584 7806,"Am Kirchplatz 5, 5761, Maria Alm am Steinernen Meer",elektroschwaiger.at,Austria
Elektro Spreitzer GmbH,+43 7475 52327,"Graben 24, A-3363, Ulmerfeld",www.elektro-spreitzer.at,Austria
Elektro Stadler GmbH,+43 5339 8912,"Tegelanger, Auffach 337, 6313 Wildschönau",www.elektro-stadler.at,Austria
Elektro Stecher,+43 5574 53565,"Alberlochstraße 7, 6911 Lochau",www.elektro-stadler.at,Austria
Elektro Technik Plangger GmbH,+43 5476 6060,"Fisserstraße 1, 6533, Fiss",www.elektro-plangger.at,Austria
Elektro Tisch GmbH,+43 42463959,"Millstätter Straße 82, 9544 Feld am See",elektrogeraete-haushaltsgeraete-shop.at,Austria
Elektro Volk Ges.m.b.H,+43 2732 71165,"Kremstalstraße 53, 3500, Krems",www.volk.at,Austria
Elektro Wenger GmbH,+43 6245 809660,"Adnet 221, 5421, Adnet, Salzburg",www.elektro-wenger.at,Austria
Elektro Widlroither Installations- und Handels G.m.b.H,+43 6232 2266,"Hickmanngasse 1, 5310, Mondsee",elektro-widlroither.at,Austria
Elektro Wiesinger GmbH,+43 7260 21044,"Dimbach 58, A-4371, Dimbach",www.elektro-wiesinger.at,Austria
Elektro Winter,+43 676 3714020,"Els 66, 3613, Albrechtsberg",www.elektro-winter.at,Austria
Elektro Wirth GmbH,+43 2688 72512,"Wiener Neustädter Straße 2, 7035, Steinbrunn",www.elektro-wirth.at,Austria
Elektro-Kollaczia GmbH,+43 5332 81737,"Perlmooserstr 12, 6322 Kirchbichl",www.elektro-wirth.at,Austria
Elektro-Meisterbetrieb - Bernhard Herzog e.U.,+43 2252 78808,"Flugfeldstraße 62 / 1, 2540 Bad Vöslau",www.elektro-wirth.at,Austria
Elektro.con Elektromontagen- und Anlagentechnik GmbH,+43 2263 81150,"Hauptstraße 74, 2124, Niederkreuzstetten",https://www.elektro-con.at,Austria
Elektrojet Kuterer GmbH,+43 3175 30588,"Pettauer Straße 2, 8184, Anger",https://www.elektro-con.at,Austria
Elektrotechnik Andreas Strasser,+43 5223 55564,"Gewerbepark 5, 6068 Mils",https://www.elektro-con.at,Austria
Elektrotechnik Harald Tantscher,+43 3151 30596,"Obergnas 59, 8342 Gnas",https://www.elektrotechnik-tantscher.at,Austria
Elektrotechnik Krenmayr Ges.m.b.H.,+43 2646 2226,"Wiener Straße 23, 2860 Kirchschlag",www.krenmayr.co.at,Austria
Elektrotechnik Moser,+43 676 3123340,"Stockerfeld 405, 5571 Mariapfarr",https://www.elektrotechnik-moser.at,Austria
Elektrotechnik Neuhold GmbH,+43 664 1322032,"Saaz 54, A-8341 Paldau",elektrotechnik-neuhold.at,Austria
Elektrotechnik Nothegger GmbH,+43 6548 20177,"Gewerbestrasse West 3, A-5722, Niedernsill",https://www.elektro-nothegger.at,Austria
Elektrotechnik Roider KG,+43 699 12565978,"Pladenbachstrasse 44, A-5113, St. Georgen bei Salzburg",www.elektrotechnik-roider.at,Austria
e.t.u. Elektrotechnik Unger GmbH,+43 2212 21165,"Solarweg 10, A-2304 Mannsdorf/Donau",www.etu.co.at,Austria
Elektrotechnik Walter Traxler GmbH & Co KG,+43 676 83465200,"Hirschstettner Straße 19-21, 1220 Wien",www.elektro-installationen.wien,Austria
Elektrotechnik Wiederin,+43 660 7096393,"Lochbödele 16, 6500 Landeck",https://www.e-wiederin.at,Austria
Elektrotechnik Wild GmbH,+43 7252 48759,"Werkstraße 2, 4451, Sankt Ulrich bei Steyr",elektrotechnik-wild.at,Austria
Elektrowerkstatt Gubesch Ges.m.b.H.,+43 7258 29397,"Karndorfstraße 13, 4521, Schiedlberg",www.gubesch.at,Austria
ELMA eU,+43 664 1005433,"Hauptstrasse 68, 3052 Innermanzing",www.elma.at,Austria
Elwera Installations GesmbH,+43 1 76921250,"Kaiser-Ebersdorfer-Straße 300, 1110, Wien",https://www.elwera.at,Austria
Emh-automatisierung GmbH,+43 660 3919385,"Winterzeile 139, 2245 Velm-Götzendorf",www.emh-automatisierung.at,Austria
EMK Elektrotechnik Kuternig e.U.,+43 4228 387850,"Gewerbestraße 4, A-9181, Feistritz im Rosental",www.emk-kuternig.at,Austria
EMMZ Elektro-Management,+43 800 400171436,"Brunnengasse 3, 7422 Riedlingsdorf",https://www.emmz.at,Austria
EN Elektrotechnik GmbH,+43 800 400172181,"Begonienstraße 24, 4484, Kronstorf",https://www.en-elektrotechnik.at,Austria
ENcome Energy Performance GmbH,+43 463 210300905,"Lakeside B08, 9020 Klagenfurt",www.en-come.com,Austria
Energetica Energy GmbH,+43 4215 93056,"nergieplatz 1, A-9556 Liebenfels",www.energetica-pv.com,Austria
Energie AG Oberösterreich,+43 800 818000,"Böhmerwaldstraße 3, 4020 Linz",www.energieag.at,Austria
Energie Burgenland AG,+43 5 77700,"Kasernenstraße 9, 7000 Eisenstadt",www.energieburgenland.at,Austria
Energie Consulting Ing. Walter Kohlfürst BSc.,+43 660 4030932,"Markt 137/1/3, 8323 St. Marein",https://www.energieconsulting-kohlfuerst.at,Austria
Energie Graz GmbH & Co KG,+43 316 80571857,"Andreas-Hofer-Platz 15, A-8010 Graz",www.energie-graz.at,Austria
Energie Steiermark AG,+43 316 9000,"Leonhardgürtel 10, A-8010 Graz",https://www.e-steiermark.com,Austria
Energie und Badkultur GmbH,+43 3352 21091,"Wienerstraße 59, 7400, Oberwart",https://www.energieundbadkultur.at,Austria
Energieautonom GmbH,+43 6543 21200,"Gewerbestrasse 3-4, 5660 Taxenbach",https://e-autonom.at,Austria
Energietechnik GmbH,+43 5354 88425,"Strass 20, 6393 St.Ulrich a.P",https://www.1a-energietechnik.at,Austria
Energy3000 Solar GmbH,+43 720 993000,Thomas A. Edison Straße 2 7000 Eisenstadt,www.energy3000.com,Austria
Entner Matthias Photovoltaik und Montage,+43 79 3036019,"Schmalzgasse 19a, 6833, Klaus",www.entner-photovoltaik.at,Austria
EP Haustechnik KG,+43 4284 20438,"Treßdorf 26, Treßdorf, Kärnten, 9632",www.entner-photovoltaik.at,Austria
EP:Elektrotechnik Langer GmbH,+43 6214 6608,"Hauptstraße 11, 5302, Henndorf",www.entner-photovoltaik.at,Austria
EQ-Systems GmbH,+43 5573 84176,"Allgäustraße 2, A-6912, Hörbranz, Vorarlberg",www.eq-systems.at,Austria
ERGE Electronics GmbH,+43 1 8108661,"Krichbaumgasse 38, 1120, Wien",www.eq-systems.at,Austria
Erhart-EMS Green Tech Solutions GmbH,+43 3382 209151,"Buchwaldstraße 27, A-8280 Fürstenfeld",www.erhart-ems.at,Austria
Ernst Schiermayr GesmbH & Co. KG,+43 7673 2066,"Erlau 22, 4846 Redlham",www.schiermayr.at,Austria
Elektro-Regeltechnik Steiner GmbH,+43 3332 21800,"Gewerbepark Ost 312, 8230, Greinbach",www.elektro-regeltechnik.at,Austria
Elektronische Steuerungs- und Automatisierungs Ges.m.b.H.,+43 7253 75150,"Steyrer Straße 6A, 4493, Wolfern",https://www.esa.at,Austria
Essl Dach GmbH,+43 6232 3385,"Thalgaustrasse 18, 5310 Mondsee",www.essl-dach.at,Austria
ET-König GmbH,+43 664 5319079,"Lind, Lindbergstraße 5, 8811, Scheifling",www.et-koenig.at,Austria
Etech Schmid u. Pachler Elektrotechnik GmbH & CoKG,+43 732 7128120,"Hafenstraße 2a, 4020 Linz",www.etech.at,Austria
ETL Elektrotechnik GmbH,+43 7724 44004,"Edt 52, 5273, Rossbach",www.etl-elektrotechnik.at,Austria
Etm-energy.at,+43 680 4019396,"Innovationsstraße 4, 3041 Asperhofen",https://www.etm-energy.at,Austria
Etr Elektrotechnik Reiter,+43 644 5111107,"Schachlingstraße 22, A-4160, Aigen/Schlägl",https://www.etr.co.at,Austria
Elektro Technik Schiffner GmbH,+43 664 88199501,"Leobersdorfer Strasse 26, 2560, Berndorf",www.et-schiffner.at,Austria
Everto Solarstrom & Photovoltaiktechnik,+43 3452 20802,"Adolf-Hofer-Straße 2, A-8430 Leibnitz, Stmk.",www.everto.at,Austria
EXA GmbH,+43 699 15000122,"Trautmannsdorfer Weg 5, 2463 Gallbrunn",www.exa.co.at,Austria
Expert Österreich e.Gen.,+43 7242 290700,"Kamerlweg 37, 4600 Wels",https://www.expert.at,Austria
Expert Bruckner e.U.,+43 7475 52391,"Hauptstrasse 20, 3363, Ulmerfeld-Hausmening",https://www.expert.at,Austria
Expert Dorfmayr,+43 7477 42250,"Schulgasse 11, 3353, Seitenstetten",https://www.dorfmayr.at,Austria
Expert Haghofer,+43 7942 72314,"Zemannstrasse 42, 4240, Freistadt",https://www.dorfmayr.at,Austria
Expert Hein,+43 3159 2555,"Radkersburger Straße 31, 8344, Bad Gleichenberg",expert-hein.at,Austria
Expert Hölzl,+43 6415 4257,"Bahnhofstr. 4, 5620, Schwarzach im Pongau",https://www.elektro-hoelzl.at,Austria
Expert Lenz,+43 7260 45140,"Handberg 113, 4391, Waldhausen im Strudengau",https://www.elektro-hoelzl.at,Austria
Expert Voglmayr,+43 7766 2310,"Großschörgern 31, 4770, Andorf",https://www.elektro-hoelzl.at,Austria
EZP Systec GmbH,+43 316 6821930,"Pehamweg 3-5, A-8053 Graz",www.ezp-systec.at,Austria
F&M Elektrotechnik GmbH,+43 6216 5250,"Wiener Straße 20, 5202 Neumarkt am Wallersee",www.fmelektro.at,Austria
Fabbri Dach GmbH,+43 2662 42304,"Wiener Straße 37, 2640, Gloggnitz, Niederösterreich",www.fabbri.at,Austria
Farcher GesmbH,+43 2764 2370,"Hauptstraße, 15, 3170 Hainfeld",www.fabbri.at,Austria
Johann Fasching Installation GmbH,+43 3865 3118,"Wienerstraße 6, A-8650 Kindberg",www.ht-fasching.at,Austria
Feistritzwerke Steweag GmbH,+43 3112 26530,"Gartengasse 36, 8200 Gleisdorf",www.feistritzwerke.at,Austria
Fida-Installationen GmbH,+43 2841 8685,"Europastraße 1, 3902 Vitis",www.fida-installationen.at,Austria
Fiegl & Spielberger GmbH,+43 512 3333,"Langer Weg 28, 6020 Innsbruck",www.fiegl.co.at,Austria
Florian Lugitsch KG,+43 3152 25540,"Gniebing 52a, 8330, Feldbach",www.e-lugitsch.at,Austria
Forschner Haustechnik GmbH,+43 2536 72970,"Untere Hauptstrasse 17, 2272 Ringelsdorf",www.e-lugitsch.at,Austria
Franz Rehberger GmbH,+43 2236 23435,"Fabriksgasse, 10-12, Mödling, A-2340",www.e-lugitsch.at,Austria
Freiding Erneuerbare Energien GmbH,+43 316 3393920,"Gradner Straße 120-124, 8054, Graz",www.freiding.at,Austria
Friedrich Neidhart Ges.m.b.H.,+43 2754 6254,"Linzer Straße 49, A-3382, Loosdorf",www.neidhart.at,Austria
Fuchs Josef GmbH,+43 2616 2000,"Wiener Straße 7, 7442 Lockenhaus",www.josef-fuchs.at,Austria
Funktechnik Klein GmbH,+43 3354 2012220,"Am Walde 101, 7435, Günseck",https://www.ftk.at,Austria
G. Braumann Gesellschaft m.b.H.,+43 7750 20300,"Furt 41, A-4754, Andrichsfurt",https://www.braumann.co.at,Austria
Gamsjäger GmbH,+43 7412 522490,"Wiener Straße 55, 3370, Ybbs an der Donau",elektrogamsjaeger.at,Austria
Gasokol GmbH,+43 7269 76600,"Solarpark 1, A-4351 Saxen",www.gasokol.at,Austria
GAT Solar GmbH,+43 3176 8127,"Stubenberg 213, A-8223, Stubenberg am See",gruebl-automation.at,Austria
Gatterer GmbH,+43 4852 67433,"Draustrasse 2, A-9990 Nußdorf-Debant",www.gatterer-heizung.com,Austria
Gawahei Installationen GmbH,+43 2236 379998,"Enzersdorfer Straße 17, 2345 Brunn am Gebirge",https://www.gawahei.at,Austria
GCC Spenglerei,+43 2955 71284,"Baumgartner Str. 11, 3701 Ruppersthal",https://www.spenglerei-gcc.at,Austria
Gebrüder Limmert Aktiengesellschaft,+43 662 889330,"Samergasse 30a, Postfach 168, A-5020 Salzburg",www.limmert.com,Austria
Michael Geist,+43 2946 2247,"Hauptplatz 1, 3741 Pulkau",www.limmert.com,Austria
Geko Systemstahlbau GmbH,+43 4715 24805,"Laas 43, A-9640 Kötschach-Mauthen",www.geko.pro,Austria
Elektrotechnik Georg Eisl GmbH,+43 6137 7022,"Gschwendt 172, 5342 Abersee",www.elektro-eisl.at,Austria
Gernot Brunner e.U.,+43 4875 6944,"Pattergasse 5, 9971, Matrei in Osttirol",expert-brunner.at,Austria
Glasbautechnik Schmidhuber,+43 6235 7334,"Ferdinand-Zuckerstätter-Str. 13, 5303, Thalgau",www.glasbautechnik-schmidhuber.at,Austria
Gnam Elektrotechnische Anlagen Ges.m.b.H,+43 2622 78771,"Hauptstraße 25, 2801, Katzelsdorf",www.gnam.at,Austria
GPA System Group,+43 676 6406457,"Sankt Georgener Hauptstrasse 130, St. Pölten, 3100",www.greenpact.at,Austria
Graspointner Robert GmbH,+43 6232 28310,"Walter Simmer-Str. 15a, 5310, Mondsee",www.graspointner.com,Austria
Green Focus Contracting,+43 1300 733172,"2/6 Avian St, Kunda Park, 4556",https://www.gfcontracting.com.au,Austria
Green Source GmbH,+43 1 89021720,"Jasomirgottstrasse 6, 1010, Vienna",www.greensource.at,Austria
Gruber Haustechnik,+43 3185 2374,"St. Nikolai im Sausal 60, 8505, St. Nikolai im Sausal",www.gruberhaustechnik.at,Austria
Grundner Solarmontagen GmbH,+43 7614 20054,"Berg 8, 4655, Vorchdorf",www.grundner-solarmontagen.at,Austria
Grutsch Technik GmbH,+43 5412 61181,"Gewerbepark Pitztal 5, 6471 Arzl im Pitztal",www.grutsch.at,Austria
GS Technik Produktions- und Vertriebs GmbH,+43 4235 22202,"Postgasse 15, A-9150, Bleiburg",www.grutsch.at,Austria
Günther Handle GmbH,+43 5472 6418,"Hauptstrasse 54, 6531 Ried im Oberinntal",https://www.handle.co.at,Austria
Gutenthaler Elektroinstallationen GesmbH,+43 2243 83338,"Hauptstrasse 159, 3400, Kierling",www.gutenthaler.at,Austria
Guttmann Elektrotechnik GmbH,+43 7254 8243,"Eisenstrasse 19, A-4463 Großraming",https://www.elektrotechnik-guttmann.at,Austria
GemeindeWerke Telfs GmbH,+43 5262 62330,"Bahnhofstraße 40, 6410 Telfs",www.gwtelfs.at,Austria
GWH Energietechnik GmbH,+43 2252 55998,"Jochäckergasse 15, 2512 Tribuswinkel",www.energytec.at,Austria
Installateur Harald Meisinger e.U.,+43 7282 7033,"Liebenstein 5, A-4122 Arnreit",www.meisinger.cc,Austria
H2 Energietechnik GmbH,+43 7245 21114,"Linzerstrasse 11/3, 4650, Edt bei Lambach",h2e.at,Austria
Haberl Elektrotechnik GmbH,+43 7719 20136,"Leoprechting 9, 4775 Taufkirchen an der Pram",www.elektrotechnik-haberl.at,Austria
Hammerschmid GmbH,+43 7236 2246,"Bahnhofstrasse 17, 4230, Pregarten",www.hammerschmid-hzg.at,Austria
Hanlo Hauser,+43 800 311312,"Industriestraße 1, 3943, Schrems",https://www.hanlo.at,Austria
Hans Anton Hochfilzer,+43 5333 5443,"Dorf 60, 6306, Söll",elektro-hochfilzer.at,Austria
Harisberger Fair Energy e.U.,+43 660 2737606,"Ittensam 3, 4653, Eberstalzell",https://www.harisberger.at,Austria
Haustechnik Güssing GmbH,+43 3322 42321,"Wienerstraße 23, 7540, Güssing",www.htg.at,Austria
Haustechnik Hochrieder GmbH,+43 2274 22380,"Pressbaumerstraße 11, 3443 Sieghartskirchen",https://www.hochrieder.at,Austria
Haustechnik Vöcklabruck,+43 7672 727150,"Vöcklabrucker Str. 19, A-4844 Regau",www.haustechnik-voecklabruck.at,Austria
HBT Energietechnik e.U,+43 3582 210190,"Bundesstraße 10, 8833 Teufenbach-Katsch",hbt-energy.com,Austria
Heidecker Ges.m.b.H. Dachdeckerei,+43 2272 66362,"Hochäckerstraße 5, A-3430, Tulln",heidecker.at,Austria
Heizfink,+43 664 1409277,"Schüssel 95 b, AT, 6934 Sulzberg",heizfink.at,Austria
Heizung Sanitär H. Uhrmann Ges.m.b.H.,+43 1 20418190,"Wagramer Straße 55, 1220, Wien",https://www.uhrmann.at,Austria
Heizungsbau Solartechnik,+43 2849 8615,"A-3932, Warnungs 4",www.solar-kuhn.at,Austria
Hellmayr GmbH,+43 7249 47006,"Jungreith 22, 4076 St. Marienkirchen an der Polsenz",www.hellmayr.at,Austria
Helm Sicherheits-/Energietechnik,+43 7729 20200,"Neukirchen121, A-5145 Neukirchen A. D. Enknach",www.setech-helm.at,Austria
Herbitschek Bau-GmbH,+43 3173 23580,"Kirchenviertel 142, A-8673 Ratten",www.herbitschek.at,Austria
Hereschwerke GmbH,+43 3182 22160,"Franz-Heresch-Straße 2, 8410 Wildon",www.hereschwerke.com,Austria
Hess Bauspenglerei und Dachdeckerei GmbH,+43 1 8133288,"Bendlgasse 11, 1120 Wien",www.unserdach.at,Austria
Hinteregger-ESTEC Gesellschaft für Energiespartechnologie GmbH,+43 2236 3771800,"Wolfholzgasse 23, 2345 Brunn am Gebirge",https://www.solartechnik.at,Austria
Hochstöger Ges.m.b.H,+43 7265 5262,"Markt 89, 4363 Pabneukirchen",https://www.hochstoeger-dach.at,Austria
Höller Elektrotechnik GmbH,+43 2944 26026,"Laaer Straße 54, 2054 Haugsdorf",www.elektro-hoeller.at,Austria
Hörburger GmbH & Co KG,+43 5576 72483,"Brolsstraße 11–15, 6844, Altach, Vorarlberg",www.elektro-hoeller.at,Austria
Rudolf Hörmann GmbH & Co. KG,+43 8241 96820,"Bahnhofstrasse 17, 3352 St. Peter",www.hoermann-photovoltaik.com,Austria
Hörmann Technik GmbH,+43 2842 51600,"ÖAMTC-Straße 3, 3830, Waidhofen an der Thaya",www.hoermann-photovoltaik.com,Austria
HSA Scharrenbroich GmbH,+43 2266 63437,"Hauptstraße 15, A-2000 Stockerau",www.hsa.co.at,Austria
Holz die Sonne ins Haus Energieconsulting GmbH,+43 4212 30440,"Mail 12, 9300 St.Veit/Glan",holzdiesonne.net,Austria
Huber Photovoltaik GmbH,+43 676 7283517,"Schwaben 94, 4752 Riedau",pv-huber.at,Austria
Hubmann Bau GmbH,+43 3135 46149,"Anton-Hubmann-Platz 1, 8077 Gössendorf",www.hubmann-bau.at,Austria
Huemer GmbH,+43 7241 28600,"Wipfing 40, A-4653, Eberstalzell",www.huemer-energietechnik.at,Austria
i+R Gruppe GmbH,+43 5574 6888,"Johann-Schertler-Straße 1, 6923 Lauterach",https://www.ir-gruppe.com,Austria
Ing. Aigner Wasser-Wärme-Umwelt GmbH,+43 7227 6081,"Kremstalstraße 18, 4501, Neuhofen an der Krems",www.ing-aigner.at,Austria
Ing. Erwin Dobraunig Ges.m.b.H.,+43 4213 2097,"Hauptstraße 10, 9314, Launsdorf",www.dobraunig.at,Austria
Ing. Fritz Manschein GmbH,+43 2574 2138,"In Lüssen 12, A-2191 Gaweinstal",www.elektro-manschein.at,Austria
Ing. Gindl Gesellschaft m.b.H.,+43 2245 6000,"Berta von Suttner Straße 14, 2120 Obersdorf",www.gindl.at,Austria
Ing. Hans Jürgen Laschat,+43 3144 34500,"Grazer Straße 11, 8580, Köflach",baudendistel.at,Austria
Ing. Kiselka Umwelttechnik GmbH,+43 2236 866346,"In den Schnablern 30-32, 2344, Maria Enzersdorf",www.kiselka.at,Austria
Ing. Witke Ges.m.b.H.,+43 176 98350,"Simmeringer Hauptstraße 497a, A-1110, Vienna",www.witke.com,Austria
IS-Elektrotechnik GmbH,+43 2622 75533,"Johann Sauergasse 3/3, 2493 Lichtenwörth",www.e-installationen.at,Austria
ITH Engineering,+43 664 5066749,"Lüßäckerstraße 5, 2733 Grünbach am Schneeberg",www.ith-engineering.at,Austria
IWD GmbH,+43 4352 71018,"Vorderlimberg 15, 9413, St. Gertraud",iwd-gmbh.at,Austria
JED Solar Service eU,+43 4266 27600,"Wilhelmshöhe 16, A-9342 Gurk, Kärnten",https://www.jedsolarservice.at,Austria
JK Dach GmbH & Co. KG,+43 4239 3130,"Littermooser Weg 22, 9122 Sankt Kanzian am Klopeiner See",www.jkdach.com,Austria
JM Montagen,+43 676 9350030,"Wies 59, 6306 Söll",www.montage-solar.com,Austria
Johann Redinger,+43 7722 635050,"Stadtplatz 46, 5280, Braunau am Inn",expert-redinger.at,Austria
Josef Rieder Haustechnik GmbH,+43 6468 52400,"Markt 56, A-5450 Werfen",https://www.rieder1a.at,Austria
Jürgen Weidlinger GmbH,+43 7242 890039,"Franz-Fritsch-Straße 7, A-4600, Wels",www.sollets.at,Austria
K.u.F. Drack GmbH & Co KG,+43 7615 22140,"Almau 8, 4643, Pettenbach",www.kfd.at,Austria
DI Christopher Patrick Kager,+43 2682 61360,"Hans Tinhof-Straße 1, 7000, Eisenstadt",https://www.expert-kager.at,Austria
KAP-Haustechnik GmbH,+43 316 241605,"Feldkirchnerstr. 139, 8055, Seiersberg",www.kap-haustechnik.at,Austria
Kärnten Solar,+43 699 11041978,"Sterneckstr. 19, 9020 Klagenfurt am Wörthersee",www.kaernten-solar.at,Austria
Kernbauer Energy Solutions GmbH,+43 1 3944040,"Hauptstraße 95, A-1140, Wien",https://www.kernbauer-solutions.at,Austria
Kiendler GmbH,+43 3183 82010,"Ragnitz 5, 8413 Ragnitz",elektrotechnik.kiendler.at,Austria
Kieninger GesmbH,+43 6135 68000,"Stambach 77, 4822, Bad Goisern am Hallstättersee",https://www.kieninger.at,Austria
Klammler GmbH,+43 3179 23630,"Lamm 3, 8162 Passail",www.klammler.at,Austria
Klenk & Meder GmbH,+43  2742 8980,"Klenkstraße 1, A-3100 St. Pölten",www.klammler.at,Austria
Klingler Installationen GmbH,+43 5339 815600,"Dorf Oberau 213, 6311 Wildschönau",solarklingler.at,Austria
Kmentt GmbH & Co KG,+43 316 282373,"Kärntner Straße 556, A-8054, Seiersberg-Pirka",www.dach-kmentt.at,Austria
Koglertec e. U.,+43 664 88690783,"Josef-Loinger-Straße, 5, 6300 Wörgl",www.dach-kmentt.at,Austria
Kollar GmbH,+43 2762 52276,"Utzgasse 4, A-3180, Lilienfeld",www.kollar.at,Austria
Kommerzialrat Hrdlicka & Sohn GmbH,+43 2213 2413,"Bahnstraße 81, 2291, Lassee",dach-hrdlicka.at,Austria
KPV Solar GmbH,+43 463 21807323,"Lakeside B07, 9020, Klagenfurt am Wörthersee",www.kpv-solar.com,Austria
Kraftwerk Photovoltaik GmbH,+43 5576 73304,"Alteichweg 19, 6844 Altach",www.kraftwerk-photovoltaik.at,Austria
Krammer Elektrotechnik GmbH & CO KG,+43 3452 86555,"A-8451 Heimschuh, Dorfstraße 4",www.krammer-elektrotechnik.at,Austria
Kraus Franz Gesmbh,+43 1869 3699,"Ketzergasse 12, 1230, Wien",https://www.dachschaden.co.at,Austria
Kriechhammer Haustechnik GmbH,+43 7746 20531,"Hocheck 23, A-4891 Pöndorf",www.kriechhammer.co.at,Austria
Krottmeier Electrical System,+43 664 2733914,"Wetzelsdorf 3, 8083 Sankt Stefan im Rosental",www.elektrik-krottmeier.at,Austria
Kurt Wimmer GmbH,+43 7724 3297,"Obermarkt 21, 5270, Mauerkirchen",expert-wimmer.at,Austria
Lackner Energietechnik GmbH,+43 3685 23777,"Nordumfahrung 899, A-8962 Gröbming",www.lackner-bhkw.at,Austria
Raiffeisen-Lagerhaus Mostviertel Mitte eGen,+43 2757 2201,"Bahnstraße 3-5, A-3380 Pöchlarn",www.lagerhaus-mostviertelmitte.at,Austria
Lauss Gebäudetechnik GmbH & Co KG,+43 7289 71575,"Bergstraße 2, A-4170, Haslach an der Mühl",www.lauss.at,Austria
Lautner-Heizung GmbH,+43 2147 2572,"Untere Hauptstraße, 73 a, 2424 Zurndorf",www.lauss.at,Austria
Lehner Dach GmbH,+43 7477 42544,"Kanseringsiedlung 2, 3353 Seitenstetten",www.lehnerdach.at,Austria
Lemp Energietechnik eU,+43 2732 888333,"Hafenstraße 57, A-3500 Krems ad Donau",https://www.lemp-energietechnik.at,Austria
Licht Loidl GmbH,+43 3338 22070,"Lafnitz 186, 8233 Lafnitz",www.licht-loidl.at,Austria
Licht und Wärme Elektrotechnik Burtscher GmbH,+43 5553 80099,"Kirchdorf 92, A-6741, Raggal",www.lichtundwaerme.at,Austria
Lichtenegger Etech,+43 6135 21455,"Posern 79, 4822 Bad Goisern",www.lichtenegger-etech.at,Austria
Lins Dach & Fassade GmbH,+43 5522 72308,"Königshofstraße 35, 6800 Feldkirch",www.linsdach.at,Austria
Hans Lohr Gesellschaft m.b.H.,+43 1985 95850,"Richard-Strauss-Straße 27, 1230 Wien",www.lohr.at,Austria
LSG Group GmbH,+43 1 61666520,"Gorskistraße 13, AT- 1230 Wien",www.lsg-group.eu,Austria
Lugar Installateur GesmbH,+43 1 8862759,"Triester Straße 346, 1230 Wien",https://www.lugar.at,Austria
Lumplecker Elektro- und Energieoptimierungs GmbH,+43 7355 65640,"Platzergasse 8, 3335, Weyer",lumplecker.at,Austria
Luzian Bouvier Haustechnik & Fliesen GmbH,+43 5442 64444,"Hauptstraße 77-79, A-6511 Zams",https://www.bouvier.at,Austria
M&G Bad+Raum GmbH,+43 1 7986129,"Muthgasse 56-58, A-1190 Wien",www.badundraum.at,Austria
M&M Energietechnik GmbH,+43 7248 64776,"Trattnachtalstraße 7, 4710 Grieskirchen",https://www.mm-energietechnik.at,Austria
Marasolar GmbH,+43 7758 30500,"Huebing 37, A-4974 Reichersberg",www.marasolar.at,Austria
Marecek GmbH,+43 2279 22680,"Kremser Straße 43, 3470, Kirchberg am Wagram",https://www.marecek.at,Austria
Markus Mühlthaler,+43 6412 20567,"Hauptstraße 89, 5600, St. Johann im Pongau",https://www.marecek.at,Austria
Markus Stolz GmbH & Co KG,+43 5552 630240,"Zürcherstraße 44, 6700 Bludenz",www.stolz.at,Austria
MayBerg OG,+43 699 19224203,"Alois Kaltenbrunner Straße 27, 4810, Gmunden",www.mayberg.eu,Austria
MC-Capital GmbH,+43 316 931219,"Johann Seifried Ring 1, A-8054 Graz",www.mc-capital.eu,Austria
MEA Solar GmbH,+43 7242 493234,"Knorrstraße 6, A-4600, Wels",www.mea-solar.at,Austria
Merl Solar Technologies GmbH,+43 3862 5767914,"Schlossbergsteig 3, 8600 Bruck an der Mur",www.mea-solar.at,Austria
Metior Industrieanlagen Planungs- und Beratungs-Gesellschaft m.b.H.,+43 316 5868780,"Grillweg 24, A-8053 Graz",www.metior.at,Austria
MFsolutions GmbH,+43 2254 74950,"Am Bahnhof 1, 2483, Weigelsdorf",www.mfsolutions.at,Austria
MHB - Holz und Bau GmbH im Mostviertel,+43 7442 55000,"Grünhofstraße 2, A-3340, Waidhofen an der Ybbs",www.mhb.co.at,Austria
MIKe eU,+43 680 1323858,Loranggasse 2a 8662 St. Barbara im Mürztal,www.mike.co.at,Austria
Mitter GmbH,+43 2641 2238,"Markt 65, 2880 Kirchberg/We",www.mitterheizung.at,Austria
Mitterhuemer GmbH,+43 72 52799,"Ennser Straße 31a, 4400 Steyr",www.mitterhuemer.at,Austria
MK TEC GmbH,+43 664 5153041,"Trössgengraben 26, 8082, St. Stefan im Rosental",www.mitterhuemer.at,Austria
MK Service e.U.,+43 664 1539623,"Am Anker 33, 3484, Grafenwörth",www.mkservice.at,Austria
Montron GmbH,+43 1607 2240,"Schönbrunner Allee 42, A-2331 Vösendorf",www.montron.at,Austria
Moser Solar GmbH,+43 7588 7264,"Pesendorf 32, A - 4551 Ried im Traunkreis",www.moser-solar.at,Austria
MS Elektrotechnik GmbH,+43 664 4307726,"Seitenberg 1, A-9560, Feldkirchen",www.ms-elektro.at,Austria
MSP Solarpower GmbH,+43 7233 80570,"Gewerbepark 19, 4101 Feldkirchen a.d. Donau",https://www.msp-solarpower.at,Austria
Muggenhumer Energiesysteme GmbH,+43 7248 64633,"Trattnachtalstrasse 9, A-4710, Grieskirchen",www.muggenhumer.at,Austria
Müller & Helmert GesmbH & Co. KG,+43 1 2161104,"Handelskai 130, 1020, Wien",www.mueller-helmert.at,Austria
Mysun Photovoltaic Elektrotechnik,+43 7223 80145,"Weidenweg 3B/1, A-4482, Ennsdorf",www.mysun.at,Austria
Neue Energie Technik GmbH,+43 662 8211000,"Moosstrasse 132a, A-5020 Salzburg",www.neue-energie-technik.net,Austria
Neudorfer Ges.m.b.h.,+43 7672 262960,"Feuerwehrstraße 5, 4845 Rutzenmoos/Vöcklabruck",www.alois-neudorfer.at,Austria
Nikko Photovoltaik GmbH,+43 676 9048892,"Braitnerstraße 109, A-2500 Baden",www.nikko-pv.at,Austria
Nocker Metallbau GmbH,+43  5273 60500,"Außerweg 62b, 6145 Navis",www.nocker.at,Austria
Noortec GmbH,+43 699 11100200,"Pfalzgasse 93, 1220 Wien",www.noortec.at,Austria
NUR Elektrotechnik GmbH,+43 2682 68111,"Rusterstraße 136, A-7000, Eisenstadt",www.nurelektro.at,Austria
Oekostrom AG,+43 5 0575555,"Laxenburger Straße 2, 1100, Wien",www.oekostrom.at,Austria
Ofenbinder Springsholz GmbH,+43 2742 8812020,"Mariazellerstraße 216, 3100, St. Pölten",www.ofenbinder.at,Austria
Ökosolar PV GmbH,+43 800 232319,"Ziegelstrasse 32, 8720 Knittelfeld",www.oekosolar.com,Austria
Ökovolt Solartechnik GmbH,+43 6278 71030,"Gewerbegebiet 10, A-5121, Ostermiething",oekovolt.com,Austria
Opbacher Matthias,+43 5288 62436,"Sängerweg 23, 6263 Fügen",www.opbacher.com,Austria
OTAenergy,+43 676 9406130,"Rain 15, 9912 Anras, Osttirol",otaenergy.com,Austria
P & W GmbH,+43 3842 4243220,"Kärntnerstraße 173, A-8700 Leoben",www.photovoltaik-waermepumpen.at,Austria
Photovoltaics & Electrical Engineering Pernsteiner,+43 664 3835584,Hauptstraße 3a 7432 Oberschützen,www.elektro-pernsteiner.at,Austria
Photovoltaik Team,+43 676 5065061,"Versuchsfeld 4b, 6074 Rinn",photovoltaik-team.com,Austria
Photovoltaik.co Firma Ing Helmut Knotz,+43 1 5856181,"Mittersteig 8, 1050, Wien",www.photovoltaik.co.at,Austria
Plasser Energy GmbH,+43 7722 640640,"Gewerbestrasse 10, A-4963, St. Peter am Hart",www.plasser-energy.at,Austria
Platzl Installationstechnik GmbH,+43 664 2320363,"Obertraun 304, 4831 Obertraun",https://www.platzl.net,Austria
Plexon Solar Hofbauer GmbH,+43 512 546444,"Zimmeterweg 4, A-6020, Innsbruck",www.plexon-solar.com,Austria
Pöllmann & Partner GmbH,+43 6234 8585,"Hauptstraße 5, A-4893, Zell am Moos",www.plexon-solar.com,Austria
Elektrotechnik Posch GmbH,+43 2762 62605,"Mariazeller Straße 43, A-3160 Traisen",www.elektroposch.at,Austria
Priesch Installationen GmbH,+43 3117 3180,"Volkersdorferstraße 27, 8063, Hart-Purgstall",www.priesch-installationen.at,Austria
Pro Sonne Solartechnik,+43 676 3347960,"Gnies 5, 8261 Sinabelkirchen",www.prosonne.at,Austria
Professional Energy Services GmbH,+43 1 4868080,"Lerchenfelder Gürtel 55A/1, 1160, Wien",www.profes.at,Austria
Profi-Elektro Installations- und Handels GmbH,+43 4766 2068,"Kaiser-Franz-Josef-Str. 240, 9872, Millstatt",profi-elektro.at,Austria
Pucher Wärme- und Wassertechnik GmbH,+43 2735 21011,"Rosaliastraße 4, 3493, Hadersdorf",https://www.pucher-haustechnik.at,Austria
Püspök Group,+43 2166 22881,"Dragaweg, 1, 7111 Parndorf",https://www.pucher-haustechnik.at,Austria
PVI GmbH,+43 463 2043080,"Rosentaler Straße 87, 9023 Klagenfurt",www.pvi.co.at,Austria
PVS Energy GmbH,+43 2522 20302,"Thayapark 23, Top 6, 2136, Laa an der Thaya",www.pvs-energy.at,Austria
R-Power Umwelttechnik & Consulting GmbH,+43 5522 70164,"Münkafeld 1, 6800, Feldkirch",www.pvs-energy.at,Austria
R. Liebhart GmbH,+43 1 8178683,"Akaziengasse 32, 1230, Wien",https://www.dachdeckerei-liebhart.at,Austria
R1 Solar GmbH,+43 1 89031320,"Bernardgasse 2/1, A-1070 Wien",www.r1solar.com,Austria
"Raymann Kraft der Sonne ""Photovoltaikanlagen"" GmbH",+43 2247 21760,"Franz Mair Straße 47, A-2232 Deutsch-Wagram",www.raymann.at,Austria
RCOM Elektro und Nachrichtentechnische Anlagen GmbH,+43 463 2917310,"Primoschgasse 3, A-9020, Klagenfurt",www.rcom.at,Austria
RES Renewable Energy Systems GmbH,+43 662 821100,"Moosstraße 132a, A-5020 Salzburg",https://res-energy.at,Austria
Resch Elektrotechnik GmbH,+43 3464 4044,"Florianerstraße 90, 8522, Groß Sankt Florian",https://res-energy.at,Austria
ReschDach GmbH & Co KG,+43 2626 62526,"Raiffeisengasse 15, 7210, Mattersburg",www.reschdach.at,Austria
RG-Sonnenstrom Gmbh,+43 664 3059003,"Hauptstraße 22, A-7033, Pöttsching",www.reschdach.at,Austria
Büro für Erneuerbare Energie - Ing. Leo Riebenbauer GmbH,+43 3339 25113,"Hauptplatz, 13, 8243 Pinggau",www.reschdach.at,Austria
"Riegler - Bäder, Heizung",+43 2641 2421,"Au 310, 2880, Kirchberg am Wechsel",https://www.installateur-riegler.at,Austria
Robert Leitner Elektrotechnik GmbH,+43 1 8137138,"Karl-Löwe-Gasse 26, 1120 Wien",www.elektro-leitner.wien,Austria
Robert Reiter Dachdecker & Spengler GmbH,+43 3848 57626,"Hammerplatz 3, 8790, Eisenerz",www.reiter-dach.at,Austria
Technik Center Rosel GesmbH,+43 3174 4448,"Gasener Straße 1, 8190, Birkfeld",www.reiter-dach.at,Austria
ROTH Handel & Bauhandwerkerservice GmbH,+43 3151 22520,"Nr. 135, A-8342 Gnas",www.roth-diehandwerksmeister.at,Austria
Royal Lion GmbH,+43 1 5813265,"Getreidemarkt 14, Top 15, 1010 Wien",royal-lion.at,Austria
RS Photovoltaik Betreiber GmbH,+43 664 3983100,"Gleisdorfer Straße 114, 8160, Weiz",royal-lion.at,Austria
Rudolf Gutmann u. Sohn GmbH & Co KG,+43 3382 522540,"Grazer Platz 6, 8280 Fürstenfeld",www.gutmann.co.at,Austria
Rudolf Stingeder e.U.,+43 732 640840,"Gewerbeallee 14, 4221, Steyregg",www.gutmann.co.at,Austria
S.E.T Solarenergietechnik GmbH,+43 664 4539385,"Bubenried 2, A-6914 Hohenweiler",https://www.set-solar.at,Austria
S&H Solar GmbH,+43 690 8016475,"Mattersburger Straße 23b, 7000 Eisenstadt",www.shsolar.at,Austria
Salzach Sonne GmbH,+43 6565 21676,"Marktstrasse 179, 5741 Neukirchen am Großvenediger",www.salzachsonne.at,Austria
Sawotec Elektro Gmbh,+43 7752 81197,"Am Mühlbach 24, 4921 Hohenzell",www.salzachsonne.at,Austria
Schachner Dach GesmbH,+43 3135 47462,"Gewerbestraße 7, 8071, Hausmannstätten",https://www.schachner-dach.at,Austria
Schartner Elektro GmbH & Co KG,+43 6412 6327,"Industriestraße 19, 5600, Sankt Johann im Pongau",https://www.schartner.at,Austria
Schelling Elektro Gesellschaft m.b.H. & Co. KG,+43 5572 22228,"Lustenauer Str. 1, 6850, Dornbirn",expert-schelling.at,Austria
Ing. Edgar Schellmann,+43 676 3015303,"In den Lissen 8, 2753, Markt Piesting",expert-schelling.at,Austria
Schneeberger GmbH,+43 7676 84950,"Hauptstraße 24, 4904, Atzbach",https://www.expert-schneeberger.at,Austria
Schönberger - Alternative Haustechnik GmbH,+43 7742 2911,"Häuslberg 2, A-5231, Schalchen",www.wohlig-warm.at,Austria
Schörkhuber Montage & Handel,+43 664 3815951,"Stoderstraße 5, 4461 Laussa",www.montage-handel.at,Austria
Schütz Technik GmbH,+43 7215 382000,"Gewerbezeile 68, 4202 Sonnberg",https://www.schuetz-technik.at,Austria
SEC Sustainable Energy Concepts GmbH,+43 5 9809300,"Kalsdorfer Straße 12, 8072, Fernitz-Mellach",www.se-concepts.eu,Austria
ServTec Elektrotechnik,+43 2755 93080,"Sonnenweg 19, 3241 Kirnberg",www.servtec24.com,Austria
Seyfried-Jecho KG,+43 2952 2563,"Wienerstraße 146, 2020 Hollabrunn",www.seyfried-jecho.at,Austria
SHT Haustechnik AG,+43 5 96960,"Brunner Feldstrasse 53, 2380, Perchtoldsdorf",www.sht-gruppe.at,Austria
SI Energiesysteme GmbH,+43 2246 34388,"Hubertusgasse 10, A-2201, Hagenbrunn",solarindustries.at,Austria
Meisterbetrieb Gas - Wasser - Heizung - Lüftung Walter Simsalik,+43 2852 54116,"Lagerstraße 29a, 3950 Gmünd",https://www.simsalik.at,Austria
Sinus Photovoltaik GmbH,+43 7733 20785,"Kirchbach 27, 4720, Neumarkt",www.sinus-pv.at,Austria
Installateur Andreas Smutka,+43 2856 2428,"Schützenberger Str. 456, 3970 Weitra",www.smutka.com,Austria
Solar Concept Schierl GmbH,+43 699 14648650,"Wiesenrainstraße 17, 6890 Lustenau",www.solarconcept.at,Austria
Solar Engineering Guggenberger,+43 664 8119909,"Teichweg, 10, A-9210, Pörtschach a. Wörthersee",www.solarconcept.at,Austria
Solar-Neuper GmbH,+43 3571 2307,"Unterzeiring 15, A-8762 Unterzeiring in Steiermark",www.solar-neuper.at,Austria
SOLARier Gesellschaft für erneuerbare Energie mbH,+43 7235 89789,"Bach 8, 4209 Engerwitzdorf Österreich",www.solarier.at,Austria
Solarpartner Energie- und Umwelttechnik GmbH,+49 7289 8905,"Scheiblberg 40, 4150, Rohrbach",www.solarpartner.at,Austria
SolarPower Energietechnik GmbH,+43 699 12345787,"Sellrain 64 c, 6181 Sellrain",www.spa-energietechnik.at,Austria
Solarstrom.turbo.at GmbH,+43 2741 8060,"Campus 33, Fiali-Ring 1, 3133 Traismauer",www.spa-energietechnik.at,Austria
solarWORK Montageservice GmbH,+43 3136 55728,"Gewerbepark 2, 8504 Preding",www.solarwork.at,Austria
Solatech Mathis GmbH,+43 5577 876030,"Rasis-Bündt 35, A-6890, Lustenau",www.mathis-solatech.com,Austria
Solavolta Energie- und Umwelttechnik GmbH,+43 5 90104640,"Sonnenweg 1, 7062 St. Margarethen",www.sonnezustrom.at,Austria
Sonnenkraft GmbH,+43 4212 45010,"Solarstrasse 1, 9300 St. Veit an der Glan",www.sonnenkraft.com,Austria
JS Sonnenstrom GmbH,+43 664 1053838,"Zöbing 15, 8321, St. Margarethen, Raab",www.sonnenstrom-stmk.at,Austria
Sonnenstrom Salzburg,+43 664 2820632,A-5441 Abtenau,www.sonnenstrom-salzburg.at,Austria
Installationen Spielmann Othmar GmbH,+43 5264 5400,"Sportplatzweg 15, 6414, Mieming",www.spielmann-installationen.at,Austria
Spindler & Spindler OHG,+43 3113 85550,"St. Johann bei Herberstein 88, 8222, St. Johann bei Herberstein",www.spielmann-installationen.at,Austria
Springer GesmbH,+43 2945 2282,"Gewerbepark 3, A-2051 Watzelsdorf",www.springer-dach.at,Austria
Expert Stadtwerke Amstetten,+43 7472 609331,"Hauptplatz 29, 3300, Amstetten",www.springer-dach.at,Austria
Stadtwerke Hartberg Elektroinstallationen GmbH,+43 3332 622500,"Am Ökopark 10, A-8230 Hartberg",www.elektroteam.cc,Austria
Stadtwerke Kapfenberg GmbH,+43 3862 23516,"Stadtwerkestraße 6, 8605 Kapfenberg",www.stadtwerke-kapfenberg.at,Austria
Stadtwerke Schwaz GmbH,+43 5242 6970,"Hermine-Berghofer-Straße 31, 6130 Schwaz",www.stadtwerkeschwaz.at,Austria
Stanilux GmbH,+43 3452 722000,"Sulmtal Str. 88, 8451 Heimschuh",www.stanilux.at,Austria
Stefan Böhm,+43 2168 63700,"Krautgarten 1, 2453, Sommerein",www.boehm-stefan.at,Austria
Stegbauer Haustechnik GesmbH,+43 664 9173030,"Waldweg 10, 3710 Rohrbach",www.boehm-stefan.at,Austria
STEP - Schnell Termintreu Engagiert Partnerschaftlich GmbH,+43 3171 5600,"Sonnleitberg 60a, 8616 Gasen",www.boehm-stefan.at,Austria
Stepan GmbH,+43 1 8779488,"Münichreiterstraße 7, 1130 Wien",www.stepan.at,Austria
Ing. Stephan Wendelin Sanitär Heizung e.U.,+43 5337 62433,"Dorfstraße 107a, A-6241 Radfeld",www.stepan.at,Austria
Stindl Installations GmbH,+43 2282 2146,"Industriestraße 10, 2230 Gänserndorf",www.stindl.at,Austria
Stockinger Bau GmbH,+43 7747 20320,"Kerschham 100, A-5221, Lochen",www.stindl.at,Austria
Strawak Energie GmbH,+43 664 2494854,"Hugo Wolf Straße 7, 8605, Kapfenberg",strawak.at,Austria
Strobl Elektrotechnik e.U.,+43 6245 70391,"Neualmerstr. 17, 5400 Hallein",https://e-strobl.at,Austria
Stromaufwärts Photovoltaik GmbH,+43 5522 48866,"Alemannenstraße 49, A-6830 Rankweil",www.stromaufwaerts.at,Austria
Strombuam OG,+43 676 6220015,"Anton-Faistauer-Platz 2, 5751 Maishofen",https://www.strombuam.at,Austria
StromvomDach Erl GmbH,+43 537 381069,"Mühlgraben 44c, 6343 Erl",www.stromvomdach.at,Austria
Sun.e-solution GmbH,+43 4852 64746,"Reimmichlstraße 27, 9991 Dölsach",sune-solution.com,Austria
Sun4energy Ecopower GmbH,+43 6643 445801,"Haselbäckaustraße 19, 4565, Inzersdorf im Kremstal",sune-solution.com,Austria
Sunworld Energietechnik GmbH,+43 463 329733,"Viktringer Ring 9, 9020, Klagenfurt am Wörthersee",www.sunworld.at,Austria
SUREnergy GmbH,+43 664 73319070,"Schrems 83, 8163, Fladnitz a.d. Teichalm",www.sunworld.at,Austria
Swimsol,+43 1967 2333,"Goldeggasse 2/3, A-1040 Vienna",swimsol.com,Austria
Stadtwerke Ludwigsburg-Kornwestheim GmbH,+43 7141 9102187,"Gänsfußallee, 23, 71636 Ludwigsburg",swimsol.com,Austria
Szeiszer Peter Spenglerei-Dachdeckere,+43 3326 54052,"Steinbachweg 24, 7533, Ollersdorf im Burgenland",https://www.szeiszer-dach.at,Austria
TeSolar,+43 3465 2638,"Dörfla 76, 8543 St. Martin im Sulmtal",www.tesolar.at,Austria
Thaller GmbH,+43 7674 62215,"Rathausplatz 1, 4800, Attnang-Puchheim",www.expert-thaller.at,Austria
Thomas Götschhofer Ges.m.b.H.,+43 699 17018074,"Lambacherstraße 41a, 4655, Vorchdorf",gut-durchdacht.at,Austria
TP-Elektrotechnik e.U.,+43 664 4330301,"Apfelsbach 35, A-4115, Kleinzell im Mühlkreis",https://www.tp-elektrotechnik.at,Austria
Trabos Installationen,+43 660 7531752,"Missindorfstrasse 25/G3, A-1140 Wien",www.trabos-installationen.at,Austria
TRENZ Installationstechnik GmbH,+43 2287 2493,"Hauptstraße 200, 2231, Strasshof",https://www.trenz-heizung.at,Austria
TyrolPV Elektrotechnik GmbH,+43 5273 60478,"Ausßerweg 61d, 6145, Navis",https://www.trenz-heizung.at,Austria
Unser Kraftwerk UK-Naturstrom GmbH,+43 463 21807323,"Lakeside B07, 9020 Klagenfurt am Wörthersee",https://www.unserkraftwerk.at,Austria
Urban GesmbH,+43 2247 2421,"Grundemannstraße 10, 2232, Deutsch-Wagram",https://www.dachdeckerei-urban.at,Austria
Verbund AG,+43 800 210210,"Am Hof 6a, 1010 Vienna",https://www.verbund.com,Austria
Vogl Haustechnik e.U.,+43 3578 23120,"Hauptstraße 43, 8742, Obdach",https://www.heiz.at,Austria
W. Stadler GmbH,+43 7235 63106,"Spattendorf 22, 4211, Alberndorf",www.stadler.at,Austria
Wagner Dach GmbH,+43 3467 72466,"Bundesstraße 14-18, 8541, Schwanberg",https://www.wagner-dach.at,Austria
Wagner Montage GmbH,+43 664 3869727,"Mühlaustraße 12, 3324, Euratsfeld",https://www.wagner-dach.at,Austria
Waldschütz Buxbaum,+43 2984 2493,"Hauptplatz 8, 3730 Eggenburg",https://w-b.at,Austria
Walter Tatzer GmbH,+43 1 3339820,"Kolpingstrasse 4, 1230, Wien",www.walter-tatzer.at,Austria
Wieland Ges.m.b.H.,+43 6474 2230,"Gewerbepark 218, 5580 Tamsweg",www.wieland.at,Austria
Wien Energie GmbH,+43 800 500800,"Thomas-Klestil-Platz 14, 1030 Wien",www.wienenergie.at,Austria
Wieser + Scherer Zeller Haustechnik GmbH & Co KG,+43 6542 55555,"Prof.-Ferry-Porsche-Str. 11, 5700 Zell am See",https://www.zeller-haustechnik.at,Austria
Wimmer Elektro e.U.,+43 7247 50360,"Steinpichl 3, 4632, Pichl bei Wels",www.wimmer-elektro.at,Austria
Wimplinger Sonnenstrom GmbH,+43 7754 303340,"Birkenweg 6, 4924, Waldzell",www.sonnenstrom-gmbh.at,Austria
Windkraft Simonsfeld AG,+43 2576 3324,"Energiewende Platz 1, 2115 Ernstbrunn",www.sonnenstrom-gmbh.at,Austria
Wonisch Installationen GmbH,+43 3465 2320,"Hauptstraße 81, 8544 Brunn",www.wonisch.co.at,Austria
Wöran GmbH,+43 7260 4070,"Markt 178, 4391, Waldhausen",www.woeran.com,Austria
Zaglmayr Gesellschaft m.b.H. & Co. KG.,+43 7711 2260,"Eggerdingerstraße 4, 4774, St Marienkirchen bei Schärding",www.woeran.com,Austria
Zankl GmbH,+43 2875 8375,"Engelbrechts 19, A-3913, Großgöttfritz",www.zankldach.eu,Austria
Zehetmayer Franz GesmbH,+43 1333 0666,"Kampstraße 11, 1200 Wien",www.spenglerei-wien.at,Austria
Zeinzinger Andreas e.U.,+43 2857 25300,"Nr. 285, 3972, Bad Großpertholz",nordwaldcenter.at,Austria
Ziegelwanger GmbH,+43 2982 29350,"Kirchenplatz 9-10, 3580, Horn",www.haustechnik-ziegelwanger.at,Austria
Ziller Elektrotechnik,+43 664 4704723,"Halleiner Landestraße 9, 5400 Hallein",https://www.ziller-elektrotechnik.at,Austria
Zöchling GmbH,+43 4242 36539,"Dollhopfgasse 1, 9500, Villach",https://www.ziller-elektrotechnik.at,Austria
Zweimüller – Haustechnik GesmbH,+43 7762 3537,"Hauptstrasse 15, A-4760 Raab",www.zweimueller-ht.at,Austria
123 Solar SRL,+32 4 2870218,"Corniche de la Gloriette 28, 4053 Embourg",www.123-solar.be,Belgium
A 2 TOIT,+32 497 443428,"Rue de Nivelles, 214B,  B-7170 Manage",www.a2toit.be,Belgium
A.G. Dakwerken,+32 13 776266,"Houwaartstraat 27, 3270 Scherpenheuvel",www.agdakwerken.be,Belgium
ABP Belux SPRLU,+32 67 444725,"132, Route de Petit Roeulx, 7090 Braine-Le-Comte",www.abp-belux.be,Belgium
Absytech,+32 495 299494,"Rue d'Anderlues 146, 6540, Lobbes",www.absytechenergie.be,Belgium
Aclisol,+32 14 310031,"Hoevendijk 9, 2450 Meerhout",www.aclisol.be,Belgium
ACR Energie bvba,+32 50 281128,"Monnikenwerve 89, 8000 Brugge",www.acr-energie.be,Belgium
ACS Energie,+32 89 767876,"Kessenicherweg 5, 3640 Kinrooi",www.acse.be,Belgium
Adec Electro Verwarming,+32 478 249052,"Eernegemsestraat 103, 8460, Westkerke",www.adecelectro.be,Belgium
ADR Technics,+32 3 2335761,"Mallekotstraat 46K, 2500, Lier",www.adecelectro.be,Belgium
Advenso BVBA,+32 50 703433,"Gistelsteenweg 475, 8490, Jabbeke",https://www.advenso.be,Belgium
ADW-Technics,+32 9 3284535,"Vijverstraat 9, 9160, Lokeren",www.adw-technics.be,Belgium
Aendekerk bvba,+32 8946 8400,"Brugstraat 68, B -  3960 Bree",www.aendekerk.be,Belgium
All Energy Solutions,+32 477 827990,"Sint-Jansstraat 185, 8700, Tielt",www.aendekerk.be,Belgium
AETEC Bvba,+32 14 717892,"Beersebaan 120 Unit 10, 2275 Gierle",www.aetec.be,Belgium
Algemene Electriciteitswerken Karel Kalders,+32 89 865335,"Teutelbergstraat 34, 3650 Dilsen-Stokkem",www.aewkalders.be,Belgium
AF Energy,+32 484 687006,"Avenue des Saisons 90, 1050, Bruxelles",www.aewkalders.be,Belgium
AFES bvba,+32 55 496681,"Zwalmlaan 1, Zwalm, 9630",www.afes.be,Belgium
AG Technics BVBA,+32 473 416322,"August Vermeylenlaan 15, 3550, Heusden-Zolder",https://www.agtechnics.be,Belgium
Agile Technics,+32 477 368907,"Sint-Catharinastraat 3, 3220, Holsbeek",https://agiletechnics.be,Belgium
Airbo,+32 473 765 434,"Heihoekstraat 65, 9100, Sint-Niklaas",airbo.be,Belgium
Alfasun / Alfacool,+32 54 245481,"Mallaardstraat 9, 9400 Ninove",www.alfasun.be,Belgium
Algemene Dakwerken De Cock bvba,+32 15 345679,"Schaliehoevestraat 2, 2220 Heist-op-den-Berg",https://www.algemenedakwerkendecock.be,Belgium
Alkatech,+32 486 115923,"Industrieweg Noord 1118/2, B-3660 Oudsbergen",www.alkatech.be,Belgium
All Solar,+32 477 664813,"Beloftestraat 40, 8680 Koekelare",www.allsolar.be,Belgium
Alrasol BVBA,+32 12 458722,"Smissebroekstraat 63, 3830, Wellen",www.alrasol.be,Belgium
Alter Energies Sprl,+32 63 402744,"Rue des Gamelles, 5, 6741, Vance",www.alter-energies.be,Belgium
AlterElectra BVBA,+32 9 2203561,"Karrewegstraat 102, 9800 Deinze",www.alterelectra.be,Belgium
Alyatech bvba,+32 477 677704,"Sint-Jorisstraat 4, 2450 Meerhout",https://www.alyatech.be,Belgium
Ameel Koeltechniek Bvba,+32 490 443000,"Houthulstseweg 69a, B-8920 Langemark-Poelkapelle",www.ameel-technics.be,Belgium
AMG Belgium,+32 87 440044,"Route Zénobe Gramme 1, B-4890, Thimister-Clermont",www.amgbelgium.be,Belgium
APS SRPL,+32 4371 9442,"Rue de Momalle, 68 - 4347 Fexhe-le-ht-clocher",www.aps-liege.com,Belgium
Aquation SA,+32 4225 8318,"Liège Airport, Bâtiment 52, 4460 Grâce-Hollogne",www.aquation.be,Belgium
AR&B Solar Bvba,+32 51 699447,"Izegemsestraat 65, 8850, Ardooie",www.aquation.be,Belgium
Aralt Solar Expertise,+32 800 62679,"Luikersteenweg 697, 3501 Wimmertingen",https://www.aralt.biz,Belgium
Ardenne Energie Sprl,+32 495 241738,"Rue de la Liberté, 8, 6687, Bertogne",www.ardenne-energie.com,Belgium
Arkwabo,+32 496 897372,Moestoemaatheide 14A. 2260 Westerlo,www.arkwabo.be,Belgium
ARS-Dakwerken,+32 496 638090,"Knokstraat 51, 9870 Zulte",ars-dakrenovatie.be,Belgium
Aservis,+32 477 240906,"Bouwenstraat 26, 2547, Lint",https://www.aservis.be,Belgium
Aspeslagh,+32 9 3864936,"Industriezone De Tonne 61-65, 9800 Deinze",https://www.aspeslaghbvba.be,Belgium
Atom Solar,+32 49 4383088,"Lindestraat 104, 9090 Melle",atom-solar.be,Belgium
ATS bvba,+32 1136 2020,"Heikesveld 71, 3910 Neerpelt",www.atsbvba.be,Belgium
Attentus,+32 38 898489,"Kapelstraat 19, 2870 Puurs",www.attentus.be,Belgium
Avci Elektrotechniek,+32 489 858886,"Krekeldries 13, 3650, Dilsen-Stokkem",avci-elektro.be,Belgium
AVDE,+32 800 30123,"Dieleghemdreef 20, 1090, Jette",www.avde.be,Belgium
Avipko,+32 3 2899360,"Smooth 4, 2950, Chapels",www.avipko.be,Belgium
AVS Service,+32 14 715620,"Langstraat 107, 2260, Westerlo",https://www.avsservice.be,Belgium
Axenergy Sprl,+32 479 8633758,"114, Rue Joseph ll, 1000, Bruxelles",www.axenergy.be,Belgium
B&M Invest,+32 494 060775,"Bergjesbos 24, 8310 Bruges",https://bnminvest.be,Belgium
Bae Solutions,+32 499 848687,"Tennisstraat 28/1, 3582, Beringen",https://bnminvest.be,Belgium
Balti Solar,+32 56 123333,"Vlamingstraat 16, 8560, Wevelgem",baltisolar.be,Belgium
Bande Chauffage S.A.,+32 84 221436,"Rue du Vivier, 11, 6950 Nassogne",www.bandechauffage.be,Belgium
Barco-energy,+32 471 854040,"Kaulillerweg 18, 3950 Bocholt",www.barco-energy.be,Belgium
Barisco Energy,+32 485 465801,"Kapellenlei 7, 2840, Rumst",https://barisco.be,Belgium
Bart Meers Energietechniek Bvba,+32 89 416840,"Kieleberg 17, 3740 Bilzen",www.bartmeers.be,Belgium
Bart Van Hauwermeiren,+32 496 416111,"Hogelandweg 9, 9260, Schellebelle",www.bartvanhauwermeiren.be,Belgium
Bart Vansteelandt,+32 494 656855,"Vrijgeweidestraat 109, 8020, Oostkamp",www.bartvansteelandt.be,Belgium
Bastiaens bvba,+32 11 551397,"Balendijk 160, 3920 Lommel",www.bastiaensbvba.be,Belgium
Batimont Zonnepanelen,+32 56 600600,"Driemasten 85, 8560 Gullegem",https://www.batimont.be/nl,Belgium
Batisol BVBA,+32 3 4823008,"Heihoef 3, 2275 Lille",www.batisol.be,Belgium
Bay-Tec BVBA,+32 4 88613792,"Bremstraat 34, 3580, Beringen",www.bay-tec.be,Belgium
BB Works,+32 488 579271,+32 488 579271,www.bb-works.net,Belgium
Be Ecolog,+32 4 93949206,"Avenue Louise 367, 1050 Ixelles",beecolog.be,Belgium
BE Sanitair BVBA,+32 14 553582,"Sablon Heath 7B, 2200, Herentals",www.be-sanitair.be,Belgium
Be-Energy,+32 495 187072,"Kwikaard 16, 2980 Zoersel",www.be-energy.be,Belgium
Belgian Solar NV,+32 3 3024790,"Kleinhoefstraat, 5/55, 2440, Geel",www.be-energy.be,Belgium
Belicom,+32 479 458987,"Steyvershofstraat 1, 3640, Kinrooi, Ophoven",www.belicom.be,Belgium
Belivert,+32 50 250240,"Estimate 42F, 8210 Zedelgem",https://www.belivert.be,Belgium
Bellinkx,+32 477 396497,"Dijkerstraat 42, 3990, Peer",www.bellinkx.com,Belgium
Belsanico,+32 52 358707,"Neerveldstraat 45, 1745 Opwijk",www.belsanico.be,Belgium
Belsun,+32 492 858332,"Bosdel 57, 3600 Genk",https://www.belsun.be,Belgium
Ben-tec,+32 9 2511707,"Zandvleuge 66, 9900 Eeklo",https://www.ben-tec.be,Belgium
Bernaerts Technics,+32 3 6643432,"Kampweg 135, 2990, Wuustwezel",https://www.ben-tec.be,Belgium
Berrentec BVBA,+32 11 756145,"Koolmijnlaan 181, 3582 Beringen",www.berrentec.be,Belgium
Bertrand Darimont Sprl,+32 87 232772,"Rue Zénobe Gramme 35, 4821, Dison",www.bertrand-darimont.be,Belgium
Belgian Energy Systems BVBA,+32 51 228203,"Nijverheidslaan 1 B, B-8880, Ledegem",www.bes.be,Belgium
Bievelez Sprl,+32 477 476605,"Rue Mengold 5, 4500 Tihange",www.bievelez-sprl.be,Belgium
Biolux,+32 477 357667,"La Place 22, 1325 Corroy-le-Grand",https://biolux-photovoltaique.be,Belgium
BK Elec,+32 497 425349,"En Mi-Ville 64, 4800 Verviers",www.bkelec.be,Belgium
BL-energy,+32 478 966215,"Pastorijstraat 6, 2440 Geel",bl-energy.be,Belgium
Blu Sky,+32 473 558378,"Wolterslaan 46, 9000 Gent",blu-sky.be,Belgium
BNS Technics,+32 14 242510,"Saffierstraat 5, Unit 14, 2200, Herentals",www.bnstechnics.be,Belgium
Boag Sprl,+32 498 464032,"Rue de la spèche, 10, 5523 Sommière",www.sprlboag.be,Belgium
Bollen Energy Bvba,+32 11 369369,"Waterrijtstraat 5C, 3900 Overpelt",www.bollen-energy.be,Belgium
Bonfond Energy,+32 19 330133,"Rue de Lens-Saint-Servais 15, 4280 Hannut",www.bonfond-energy.be,Belgium
Boon Solar,+32 473 232466,"Bakergemveldlaan 69, 9472, Denderleeuw",www.bonfond-energy.be,Belgium
Boone Hydro-elektrotechniek b.v.b.a,+32 475 435681,"Diksmuidesteenweg 32 A, 8840 Oostnieuwkerke",www.boonehydro-elektro.be,Belgium
Borgo Elektriciteit,+32 478 397663,"Kerkstraat 26, 9940, Sleidinge, Evergem",https://www.borgo-elektriciteit.be,Belgium
Bovema International N.V.,+32 14 286868,"Lammerdries Zuid 17 D, B-2250 Olen",www.bovema.be,Belgium
Blue Power Synergy,+32 494 335826,"Nieuwstraat 12, 8450, Bredene",www.bovema.be,Belgium
Brabo Technics,+32 3 2478912,"Vlaamse Kaai 90, 2000 Antwerpen",www.brabotechnics.be,Belgium
Braeckman Geert bvba,+32 9279 7557,"Krakeelstraat 4, 9260 Serskamp",geertbraeckman.be,Belgium
Brever,+32 2 3105101,"Spoorwegstraat 15, 3071 Erps-Kwerps",www.brever.be,Belgium
Brussels Energy,+32 2 3190299,Imperiastraat 6 - 1930 Zaventem,brusselsenergy.be,Belgium
Bruyland Technics bvba,+32 57 469851,"Beselarestraat 228A, 8980 Zonnebek, Beselare",www.bruyland.com,Belgium
BS-Zonnepanele comm. v,+32 486 685702,"Boerderijstraat 12, 8720 Wakken",www.bs-zonnepanelen.com,Belgium
BSX Bvba,+32 11 360344,"Tessenderlosesteenweg 206, 3583 Paal",bsxbv.be,Belgium
Building Energy NV,+32 476 985194,"Industriestraat 8c, B 8755 Ruiselede",www.buildingenergy.be,Belgium
Bycostream,+32 56 426221,"Koningin Fabiolastraat 212, B-8560 Gullegem",www.bycostream.be,Belgium
Carl Pieters,+32 496 509559,"Tienbunder 24, 8792, Desselgem",www.carlpieters.be,Belgium
Carodel Sprl,+32 81 855454,"Rue Nouvelle 3/1, B-4260 Braives",www.carodel.net,Belgium
CB Energy SPRL,+32 71 306811,"Route de Gosselies 23, B-6220 - Fleurus",www.cb-energy.be,Belgium
CD Concept Solar,+32 4947 02495,"Helleströp, 69, 4880 Aubel",www.cdconceptsolar.be,Belgium
CDES Services Bvba,+32 89 213066,"Borreshoefstraat 102, B-3650 Dilsen",www.cdesservices.be,Belgium
Chauff'et Vous Sprl,+32 4 3847746,"Rue de la Gendarmerie, 85, 4141 Louveigné",www.chauffetvous.be,Belgium
Chauffage Closset,+32 498 231628,"Rue au Their 13, B-4870 Foret, Trooz",www.chauffage-closset.be,Belgium
Christal-Energies,+32 64 650653,"Rue Scoumanne, 56, B-7110, Strépy-Bracquegnies",www.christal-energies.be,Belgium
Christiaens Industriële Elektriciteit,+32 56 662133,"Hulstersestraat 163, B-8710, Ooigem",www.christiaens-bvba.be,Belgium
CI.Belgium,+32 2 3661740,"Zoning – Parc industriel, 31, B-1440 Braine-le-Château",www.cibelgium.be,Belgium
City Energy BVBA,+32 52 554891,"Mechelsestraat 169, 1840 Londerzeel, Vlaams-Brabant",www.cityenergy.be,Belgium
Climamaster,+32 488 481422,"Putwijerstraat 20, 3600, Genk",www.cityenergy.be,Belgium
ClimaSan Bvba,+32 485 352202,"Tulpenstraat 15, bus 12, 9810 Eke, Nazareth",www.climasan.be,Belgium
ClimaSun,+32 496 440678,"Ferdinand Campionlei 25, 1800 Vilvoorde",www.climasun.be,Belgium
CLS Service,+32 477 905859,"Lijsterbeslaan 7, 2470, Retie",https://clsservice.be,Belgium
Consolar Belgium SA,+32 4 2347474,"Science Park Sart-Tilman, Allée de la Cense Rouge, 100, B-4031",www.consolar.be,Belgium
Cool & Pool Technics,+32 495 185540,"Beheerstraat 7 B/2, 8500, Kortrijk",www.consolar.be,Belgium
Coolline-Solar bv,+32 475 893586,"John Cockerillstraat 66, B-3920 Lommel",www.coolline.be,Belgium
Coppens Ecotech Sprl,+32 496 519045,"Rue de Philippeville 18, 5360 Hamois",https://www.coppensecotech.com,Belgium
Corswarem Group,+32 1226 0170,"IZ Oost, Vrijheidweg 1, 3700 Tongeren",corswarem.eu,Belgium
Coussens Joost,+32 56 668810,"Verbindingsstraat 7, 8710 Wielsbeke",coussensjoost-verwarming.be,Belgium
Coversanit sprl,+32 484 325919,"Rue Joseph Wauters 155, 4470 Saint-Georges-sur-Meuse",www.coversanit.be,Belgium
Cozie,+32 800 65065,"Rue du Cerf 190/2, 1332 Genval",https://www.cozie.be,Belgium
Clean Power Company,+32 15 636016,"Berkenlaan 6, 3191 Hever",www.c-p-c.be,Belgium
Crystal Solar Plus Group,+32 486 345070,"Zaveldriesstraat 49/11, 3600, Genk",cspgroup.be,Belgium
CS Technics BV,+32 478 618484,"Bosschelweg 76, 3950, Kaulille",cspgroup.be,Belgium
CV Van Beeck,+32 497 817169,"Pachtersdreef 43e, 2580 Putte",www.cvvanbeeck.be,Belgium
D-A-K,+32 494 305088,"Geestbeek 23, 3210 Lubbeek",www.d-a-k.be,Belgium
DA Technics,+32 11 252791,"Kievitwijk 6, 3530 Houthalen, Limburg",https://mijngroeneenergie.be,Belgium
Dak & Co BVBA,+32 484 114680,"Nieuwpoortsesteenweg 471, 8400, Oostende",https://mijngroeneenergie.be,Belgium
Dak- en Gevelrenovatie VDS,+32 471 505736,"Wervikstraat 234, 8930, Menen",https://vdsdak-gevelrenovatie.be,Belgium
Dakprofiel Moens,+32 16 850377,"Wijgmaalsesteenweg 14A, 3150, Wakkerzeel",www.dakprofielmoens.be,Belgium
BVBA Dakwerken Crul Jean-Paul,+32 5666 3874,"Kalbergstraat 49, 8760 Oostrozebeke",dakwerkencrul.be,Belgium
Dakwerken Dak Plus,+32 1455 6643,"Vossendaal 13 /C2, 2440 Geel",www.dakplus.be,Belgium
Dakwerken Gerard BVBA,+32 1660 0239,"Varentstraat 146A, 3118 Werchter, Rotselaar",www.dakwerken-gerard.be,Belgium
Dakwerken Hermans Ivo BVBA,+32 52 340043,"Beukestraat 123, 9255 Buggenhout",www.dakwerkenivohermans.be,Belgium
Dakwerken Maes,+32 52 336218,"Vierbunderstraat 2, 9255 Buggenhout, Opdorp",www.maesdakwerken.be,Belgium
Dakwerken Van Riet,+32 492 807105,"Alemstraat 27, 2811 Reads",https://www.dakwerkenvanriet.be,Belgium
Dankwerken Delannoy,+32 456 242651,"Sint-Amandsstraat 2 1, 8870, Izegem",www.dakwerkendelannoy.be,Belgium
Daraz Elektro bvba,+32 494 250859,Prof Rubbrechtstraat 101 8972 Roesbrugge-Haringe,www.daraz.be,Belgium
Dauvister SA,+32 87 269406,"Rue Crufer 8, B-4970, Stavelot",www.dauvister.com,Belgium
DB&W Technics,+32 495 362699,"Vandermarckestraat 43B, 3560, Lummen (Limburg)",https://www.dbwtech.be,Belgium
DC Technics bvba,+32 498 458429,"Kortrijkstraat 78, 9790 Wortegem-petegem",www.dctechnics.be,Belgium
De Brauwer Elektro,+32 56 778825,"Pastoor Verrieststraat 101, 8570 Ingooigem",www.debrauwer-elektro.be,Belgium
De Bruycker Gebroeders bvba,+32 9 3841268,"Bernstraat 18, 9890 Gavere, Asper",debruyckergebroedersbvba.be,Belgium
De Groene Leeuw bvba,+32 487 471523,"Hoefijzer 50, 9880 Aalter",www.degroeneleeuw.be,Belgium
De Jaeger Alain,+32 475 514663,"Palmenhof 6, 9080 Lochristi",dakwerken-dejaeger.be,Belgium
De Look SPRL,+32 475 207269,"Route de Parfondvaux, 44, 4670, Blegny",www.delook.be,Belgium
De Mars Danny BVBA,+32 2 2697851,"Merchtemsesteenweg 71, 1861, Wolvertem",www.demarsdanny.be,Belgium
De Mey s.p.r.l.,+32 4 3773601,"Rue de Wergifosse 7, 4630 Soumagne",www.demeysprl.net,Belgium
De Rycke & Zonen,+32 9 3842364,"Legen Heirweg 20, 9890 Gavere, Asper",www.derycke-zonen.be,Belgium
De Smedt bvba,+32 497 455474,"Rauwstraat 61, 2431 Veerle",www.desmedtbvba.com,Belgium
De Vroe Groep,+32 9230 8283,"Fraterstraat 109 A, 9820 Merelbeke",www.devroegroep.be,Belgium
De Zonnebroeders,+32 3 3313369,"Keizerstraat 3, 2000 Antwerpen",www.zonnebroeders.be,Belgium
De ZonneGod,+32 494 692276,"Fazantestraat 14C, 2275, Lille",https://www.dezonnegod.com,Belgium
Deba Elektriciteitswerken,+32 496 128624,"Oekensestraat 71, 8800 Roeselare",www.debaroeselare.be,Belgium
Debel Elec Sprl,+32 475 352779,"Rue de Charleville 34, 5575 Gedinne",https://www.debelelec.be,Belgium
Debuisson Thierry,+32 472 861806,"Akrenstraat 114, B-9500 Viane",www.dakwerkendebuisson.be,Belgium
Decancq Group,+32 51 308320,"Prins Albertlaan 96, 8870 Izegem",www.decancq.be,Belgium
Decat,+32 51 555001,"Pervijzestraat 17, 8600 Pervijze",www.decat.be,Belgium
DEDA Projects,+32 495 426705,"Iepersteenweg 54, 8650 Merkem",www.dedaprojects.be,Belgium
Dedecker Installaties,+32 57 200037,"Grote Ieperbaan 33A, 8940, Kruiseke, Wervik",www.dedeckerinstallaties.be,Belgium
Deliso Sprl,+32 470 043660,"Rue des Nouvelles Technologies 3, 4820 Dison",www.deliso.be,Belgium
Delnate & Fils,+32 5633 7252,"Rue du Petit Pont 79, 7700 Mouscron",www.chauffage-delnatte.be,Belgium
Delta Luminance Sprl,+32 68 287409,"Chaussée de Mons 447, 7810, Maffle",www.deltaluminance.be,Belgium
Delta Technics BVBA,+32 495 513239,"Rechtestraat 76, 3582, Koersel",www.deltaluminance.be,Belgium
Demoitié sa BDH,+32 8643 3724,"Rue du Châtaignier, 10, B-6960 Harre, Plan d’accès",https://www.entreprise-demoitie.be,Belgium
Demtec Services,+32 11 260367,"Diepenbekerweg 11, 3500 Hasselt",www.demtecservices.be,Belgium
Denolf Electro and Solar,+32 51 613909,"Aspergemstraat 30, 8750 Zwevezele",www.delecsol.be,Belgium
Derbigum,+32 2 3348700,"Bergensesteenweg 32, B-1651, LOT, Brussels",www.derbigum.be,Belgium
Derouck Elektro,+32 478 831088,"Koning Albertstraat 26, 2547 Lint",www.derouckelektro.be,Belgium
Desmyter Electro en Installatie Bvba,+32 51 581008,"Koekelarestraat 26, 8600 Diksmuide",www.electro-installatie.be,Belgium
DeVaPower BVBA,+32 485 671151,"Bosstraat 6a, 3471, Hoeleden",www.electro-installatie.be,Belgium
Dewulf Techniek Bvba,+32 476 722196,"Golfbrekerstraat 21, 8450, Bredene",www.dewulf-techniek.be,Belgium
DGS Solar,+32 800 99786,"Villadreef 7, 3128 Baal",www.dgs-solar.be,Belgium
DHome Systems BVBA,+32 478 506524,"Hoge Bokstraat 73, 9111, Sint-Niklaas",www.dgs-solar.be,Belgium
Di Palma Sprl,+32 71 474225,"Rue des Goutteaux 124C, 6032 Mont sur Marchienne",www.dipalma.be,Belgium
Dimitri Gryson BVBA,+32 57 205501,"Klerkenstraat 178, 8920, Langemark-Poelkapelle",www.dimitrigryson.be,Belgium
DM Solar BVBA,+32 56 890091,"Mellestraat 56, 8501 Heule",www.dmsolar.be,Belgium
DM Solutions gcv,+32 498 100483,"Doelstraat 118, 8770 Ingelmunster",www.dm-solutions.be,Belgium
DMS Installatie,+32 475 765052,"Winterstraat 23, 3201, Langdorp",https://dmsinstallatie.be,Belgium
Dominique Jaumotte,+32 473 263793,"Rue du Buisson, 170, B-6717, Attert",www.jaumottedominique.be,Belgium
DomoTecno BVBA,+32 496 426317,"Sint-Truidensesteenweg 468, 3300 Hakendover, Tienen",www.domotecno.be,Belgium
Domus,+32 10 812054,"Rue des Lapins 4, 1370 Jodoigne",www.domus.be,Belgium
Doumen & Kellens Bvba,+32 496 298874,"Gribbenstraat 12, 3665 As",https://www.dkdomotica.be,Belgium
DP Projects,+32 496 501907,"Terbermenweg 110, 3540, Herk-De-Stad",www.dpprojects.be,Belgium
D'Heedene Solar BVBA,+32 16 813158,"Meldertsestraat 5, 3370 Boutersem",www.dsolar.be,Belgium
Duonooduitgang,+32 478 786811,"Hulshoutsesteenweg 17, 2260, Westerlo",www.duonooduitgang.be,Belgium
Dural Bouwgroep,+32 3 3037499,"Plantinkaai 5, 2000, Antwerpen",www.duonooduitgang.be,Belgium
Durasun,+32 13 444353,"Schippersstraat 5, 3945 Ham",www.durasun.be,Belgium
Durieux Alain BVBA,+32 661 586223,"Palinghuizen 111, 9000, Gent",https://dakwerkendurieux.be,Belgium
Durital Thierry Talbot,+32 497 702133,"Rue des Alisiers 64, 6940 Durbuy",www.barvaux-toitures.be,Belgium
DW Technics,+32 471 867405,"Kalbergstraat 120, 8780, Oostrozebeke",www.dw-technics.be,Belgium
DakWerken Feys,+32 472 743546,"Desselgemseweg 147, 8790 Waregem",www.dw-f.be,Belgium
E-advies BVBA,+32 9 3244250,"Sasstraat 36, 9050 Gentbrugge",www.e-advies.org,Belgium
E-Cocoon SPRL,+32 496 692710,"Rue du Bilot 32, 1460 Ittre",www.e-cocoon.be,Belgium
E-Tec Duurzame Energie,+32 474 732195,"Dikberd 34, Unit 15B, 2200, Herentals",www.e-cocoon.be,Belgium
E-Technics BVBA,+32 495 109176,"Moerhoflaan 18, 2970 Schilde",www.e-technics.be,Belgium
E.M.G Construct Sprl,+32 6 4555610,"Rue des Courtijas 11, B-5600 Sart-en-Fagne",www.emgconstruct.be,Belgium
E.T.L. Algemene Elektriciteitswerken,+32 11 341326,"Kronenbergstraat 24, 3950 Kaulille",www.etl-elektro.be,Belgium
E&S Solar,+32 12 217075,"Viséweg 200-202, 3700, Tongeren",www.es-solar.be,Belgium
Easykit Slimme Zelfbouw,+32 16 721528,"Wingepark 27C, 3110, Rotselaar",easykit.be,Belgium
Easytec,+32 496 035800,"Heilig Hartlaan 44, 9300 Aalst",www.easytec.be,Belgium
EBC bvba,+32 1366 6806,"Molemstraat 63, 3560 Lummen",www.ebc-bvba.be,Belgium
EBeco,+32 488 244243,"Merelstraat 70, 3930, Hamont-Achel",www.ebeco.be,Belgium
EBK,+32 46 8183324,"Oude Tiensebaan 121, B-3270 Scherpenheuvel-Zichem",ebkbvba.be,Belgium
Eco Elec Belgium,+32 499 600986,"Chaussée de Lille, 327/04, 7500 Tournai",www.ecoelecbelgium.com,Belgium
Eco Team Solar Panels & Airconditioning,+32 470 777801,"Langstraat 100, 3630, Maasmechelen",www.eco-team-maasmechelen.be,Belgium
Eco Technics,+32 3 2908317,"Ringlaan 14B, 2960 Brecht",www.ecotechnics.be,Belgium
Eco-Max BVBA,+32 800 19888,"Slakweidestraat 40 A5, 3630 Maasmechelen",www.eco-max.be,Belgium
Eco-Techniek bvba,+32 472 840401,"Diestsesteenweg 29, 3390, Tielt-Winge",www.eco-techniek.be,Belgium
Ecovolution BVBA,+32 475 645131,"Revinzestraat 104, 8820 Torhout",www.eco-techniek.be,Belgium
Ecochauffage Sprl,+32 64 676067,"451 Pavé du Roeulx, 7110, Strépy-Bracquegnies",www.ecochauffage.be,Belgium
Ecocool Technics,+32 473 852597,"Rode-Kruisstraat 30, B-2200, Herentals",www.ecochauffage.be,Belgium
Ecodomo bvba,+32 56 217607,"Stasegemdorp 23, 8530 Harelbeke",www.ecodomo.be,Belgium
EcoFinity bvba,+32 55 495865,"Astridstraat 15, 9630, Zwalm",www.ecofinity.eu,Belgium
Ecofusion,+32 4 491011,"Turnhoutsebaan 171, 2480 Dessel",www.ecofusion.be,Belgium
Ecolep Bvba,+32 473 333024,"Taunusweg 2, 3600 Genk",ecolep.be,Belgium
Ecomatix-feys,+32 50 390449,"De Leiteweg 23C, 8200 Oostkamo",www.ecomatix-feys.be,Belgium
Ecopartner,+32 3 8871265,"Smallandlaan 4, Unit 06, 2660 Hoboken",www.ecopartner.be,Belgium
Ecopuur nv,+32 9 2980408,"Landegemstraat 10, 9031 Drongen",www.ecopuur.be,Belgium
Ecosol+,+32 11 791487,"Ambachtslaan 1065, 3990, Peer",www.ecosolplus.be,Belgium
Ecosystec SPRL,+32 800 85610,"Rue Saint-Roch, 11A, B-5640, Biesmes",www.ecosystec.be,Belgium
Ecotec Systems,+32 475 772621,"Meensesteenweg 704, 8800 Roeselare",www.ecotecsystems.be,Belgium
Ecotech BVBA,+32 474 379083,"Lindestraat 50c, 9700, Oudenaarde",www.ecotech.be,Belgium
Ecotech Electrotechniek,+32 497 409157,"Kruisschanslei 26, 2550 Kontich",www.ecotech-plasmans.be,Belgium
Ecotech Waas,+32 9 3492087,"Heikenstraat 19, 9250 Waasmunster",www.ecotechwaas.be,Belgium
Ecovisie Belgium bvba,+32 3 2963815,"Hemelsbreedte 50, 9112 Sint-Niklaas",www.ecovisie.be,Belgium
EDA General Electricity Belgium,+32 9 3963430,"Groendreef 83, 9880 Aalter",www.edageneralelec.com,Belgium
Electric Design Solar Systems,+32 56 506100,"Oude Tramweg 37, 8560, Moorsele",www.edss.be,Belgium
Egcollignon Group,+32 800 99862,"Rue Chant des Oiseaux 21, 6530 Thuin",https://www.egcollignongroup.be,Belgium
EGS Projects,+32 89 385867,"Bedrijfsweg 40, 3620 Lanaken",egsprojects.be,Belgium
EHCS BVBA,+32 471 272025,"Joseph Verbertstraat 38, 2800, Mechelen",www.ehcs-mechelen.be,Belgium
Ekotermika Sprl,+32 486 514890,"Chaussée de Marche 941, 5100 Namur",www.ekotermika.be,Belgium
Elcubi BVBA,+32 11 414702,"Rietkolk 14, 3920 Lommel",www.elcubi.be,Belgium
Eldema bvba,+32 5641 9328,"Wijnbergstraat 182, 8560 Wevelgem",www.eldema.be,Belgium
Electricity Innovation Technology sprl,+32 64 730383,"Rue Mon Gaveau 77, B-7110 Strépy-Bracquegnies, La Louvière",www.elite-electricity.be,Belgium
Electro Fagne,+32 60 378797,"Rue du Raccordement 11, B-5660 Brûly-de-Pesche",electrofagne.be,Belgium
Electro Gevaert Gabriel,+32 51 241798,"Gitsestraat 388, 8800 Roeselare",www.electrogevaert.be,Belgium
Electro Le Jeune,+32 89 503350,"Tuinweg 3, 3740 Bilzen",www.electro-le-jeune.be,Belgium
Electro Light BVBA,+32 495 244874,"Osseweilaan 6, 9308, Gijzegem",www.electrolight.be,Belgium
Electro Rouhard Sprl,+32 4 2595592,"Grand Route 100, 4537 Verlaine",www.electrorouhard.be,Belgium
Electro Technics Bilzen Bvba,+32 89 751956,"Bremakker 12, 3740 Bilzen",www.electro-technics.be,Belgium
Electro Techniek Valon,+32 476 470433,"Parklaan 10, 9400 Ninove",www.valon.be,Belgium
Electro VDS,+32 477 666959,"Meileveld 87, 9620 Zottegem",www.electrovds.be,Belgium
Electro Verhelst,+32 51 568811,"Vladslostraat 25, 8600, Vladslo, Diksmuide",www.electroverhelst.be,Belgium
Electro Walter,+32 89 303042,"Middelgracht 7, 3600 Genk",www.electro-walter.be,Belgium
Electro-KGsun,+32 496 143834,"Pastoor Vynckestraat, 6, 9130 Verrebroek",www.kgsun.be,Belgium
Electro-Klima,+32 474 224615,"Waterloos 11, 9500, Ophasselt",www.kgsun.be,Belgium
Electrolyse Bvba,+32 56 518822,"Ieperstraat 412, 8930 Menen",www.electrolyse.be,Belgium
Electronick,+32 498 210756,"Ter Woestijne 1, 8310, Brugge",https://www.electronick.be,Belgium
Electrood BVBA,+32 474 238367,"Aspergemstraat 19, 8750, Zwevezele",www.electrood.be,Belgium
Elektriciteitswerken Erik De Vocht Bvba,+32 498 142129,"Azalealaan 38, 2560 Nijlen",www.elektriciteitswerkenerikdevocht.be,Belgium
Elektriciteitswerken LJ,+32 494 612244,"Bedrijventerrein Assent, Langerode 15, 3460 Assent",www.ewlj.be,Belgium
Elektrix bvba,+32 475 368570,"Winterslagstraat 198, 3600 Genk",elektrix.be,Belgium
Elektro Borgs Bvba,+32 496 870956,"Kultuurlaan 27, 3870 Heers",www.elektriciteitswerken-borgs.be,Belgium
Elektro Bouckhout,+32 476 422496,"Wallemotestraat 96, 8870 Izegem",www.elektro-bouckhout.be,Belgium
Elektro Delwiche,+32 476 902678,"Binderveldseweg 48, 3803, Duras",www.elektriciteitswerkendelwiche.be,Belgium
Elektro MAVA,+32 494 729195,"Liersesteenweg 272, 2220, Heist-op-den-Berg",https://www.elektromava.be,Belgium
Elektro Van De Sande NV,+32 11 222929,"Bampslaan 2, B-3500 Hasselt",www.elv.be,Belgium
Elektro Verschuere NV,+32 56 712917,"Essrtstraat 12, 8550, Zwevegem",www.elektro-verschuere.be,Belgium
Elektro-Cox Bvba,+32 2 3054599,"Oude Groenweg 13, 1500, Halle",elektro-cox.be,Belgium
Elektro-Gantois bvba,+32 495 232447,"Bulskampstraat 104, 8630 Veurne",www.elektrogantois.be,Belgium
Elektroline Bvba,+32 13 327350,"Sparrenweg 93, 3980 B-Tessenderlo",www.elektroline.be,Belgium
Bvba Elektrotechniek Pieter De Beule,+32 498 664755,"Everparkstraat 4, 9940, Evergem",www.elektroline.be,Belgium
Eleverco,+32 477 880300,"Winkelbaan 70, 1730 Asse (Mollem)",www.eleverco.be,Belgium
Elextra,+32 476 546365,"156 rue de Strichon, 1495 Mellery, Villers La Ville",www.elextra.be,Belgium
Elias Techniek bv,+32 478 333910,"Klein Nazareth 13, 9840 De Pinte",https://www.eliastechniek.be,Belgium
Elny bvba,+32 3 4640608,"Hallebaan 85, 2240, Zandhoven",elny.be,Belgium
Elparo,+32 11 806371,"Achel-Statie 40, 3930, Hamont-Achel",www.elparo.be,Belgium
Eltex,+32 51 253167,"Brugsesteenweg 63 / 21, 8800, Roeselare",www.eltex.be,Belgium
Elvetico BVBA,+32 15 554144,"Donck 5, 2860 Sint-Katelijne-Waver",www.elvetico.be,Belgium
Emiel bvba,+32 3 6440112,"Van Stralenlei 21, B-2170 Merksem (Antwerpen)",www.emielbvba.be,Belgium
Emsolar,+32 475 400145,"Hondzoekstraat 2A, 1673 Pepingen",www.emsolar.be,Belgium
Eneco Belgium nv,+32 2 2744800,"Drukpersstraat 35, 1000 Brussel",eneco.be,Belgium
EneRa sprl,+32 478203022,"rue Maflot 38, B-4120 Neupré",www.enera.eu,Belgium
Enerdeal NV,+32 2 4162050,"Hermesstraat 2A, B-1930 Zaventem",enerdeal.com,Belgium
Energie & Warmtetechniek,+32 477 930803,"Roshoevendijk 7, 2440, Geel",www.energie-warmtetechniek.be,Belgium
Energie De Kempen,+32 14 746278,"Oostmalseweg 132, 2340 Beerse",www.energiedekempen.be,Belgium
ENERGIE + bvba,+32 496 254254,"Messemakersstraat 2, 2275 Gierle",https://energieplusbvba.be,Belgium
Energie Voor Morgen,+32 474 850861,"Vierwegstraat 207, 8800 Roeselare",https://www.energievoormorgen.be,Belgium
Energie-Rénovations,+32 485 459457,"84 Chemin de Velaine, B-5190 Jemeppe sur Sambre",www.energie-renovations.be,Belgium
Energiecenter Geuns,+32 11 634532,"Steenovenstraat 21/2, 3941 Hechtel-Eksel",https://www.energiecenter.be,Belgium
Energieconcepten,+32 14 883500,"Espendonk 4, 2370 Arendonk",www.energieconcepten.be,Belgium
Energiecontrol BVBA,+32 11 536398,"Koeltorenlaan 12, 3550 Heusden-Zolder",www.energiecontrol.be,Belgium
Energiek,+32 495 501669,"Botermelkdijk 248, 2900, Schoten",www.energiek.be,Belgium
Energiesystemen STECA,+32 11 347760,"Gerhees 30 A, 3945 Ham",https://www.receg.eu,Belgium
Energietech BVBA,+32 16 896558,"Van Bladelstraat 35, 3020 Herent",www.energietech.be,Belgium
Energius NV,+32 14 622868,"Rouwbergskens 5, 2340 Beerse",www.energius.be,Belgium
Energreen S.A.,+32 10 451373,"Avenue Franklin 5C, 1300, Wavre",www.energreen.be,Belgium
Energy Initiative,+32 2 3045576,15 Rue François Beeckmans 1083 Ganshoren,www.energyinitiative.be,Belgium
Energy King,+32 16 416210,"Halleboomstraat 1 bus C2, 3020, Herent (Leuven)",https://energyking.be,Belgium
Energy Village Groupe,+32 65 691560,"Chemin de Thulin, 61, 7370 Dour",www.energy-village.be,Belgium
EB Group BV,+32 2 5884777,"Kalkoven 32, 1820, Melsbroek",https://www.energy-builders.com,Belgium
EnergyVision,+32 9 3838296,"Bijenstraat 28, 9051 Ghent",https://www.energyvision.be,Belgium
Enersol SPRL,+32 87 686822,"Rue de Maestricht, 70, 4651 Battice",www.enersol.be,Belgium
Enertec,+32 69 781669,"Rue Haute, 8 B 7604 Wasmes-A-B (Péruwelz)",www.enertec.be,Belgium
ENGIE Fabricom,+32 2 3703111,"Simón Bolivarlaan 34, 1000 Brussel",https://www.engie-fabricom.com,Belgium
Enis-Kestens,+32 499 227322,"Bieststraat 79, 3360 Lovenjoel",www.enis-kestensbvba.be,Belgium
Ensys,+32 3 2913320,"Klinkaardstraat 210, Unit D, 2950, Kapellen",www.ensys.be,Belgium
Entreprise Van Baelen Sprl,+32 81 635234,"Zoning industriel, 5330 Assesse",www.vanbaelen-toitures.be,Belgium
Entrix BV,+32 476 024895,"Grote Zadelweg 53, 9420 Erpe",www.entrix.be,Belgium
Envice Bvba,+32 475 349022,"Akkerstraat 31, B-8730, Beernem",www.envice.be,Belgium
Eoluz NV,+32 3 3170600,"KMO Park Starrenhof, Starrenhoflaan 44/03, B-2950, Kapellen",www.eoluz.be,Belgium
Electro Peter Aerts bvba,+32 89 244650,"Industrielaan 84, 3630 Maasmechelen",www.epa-solar.be,Belgium
epTechnieken bv,+32 14 657983,"Neringstraat 10, 2360 Oud-Turnhout",https://www.eptechnieken.be,Belgium
Erdo Dakwerken bvba,+32 9 3553268,"Ambachtenlaan 2 B, 9080 Lochristi-Zeveneken (industriepark Lozen Boer)",www.erdo.be,Belgium
Erro Heating,+32 89 852090,"Industrieweg Noord 1106, 3660, Oudsbergen",https://erroheating.be,Belgium
Erwin Schrevens BVBA,+32 471 569379,"Groenstraat 46, 3221 Nieuwrode",www.schrevens.eu,Belgium
ESD bv,+32 477 363656,"Tweelindenstraat 7, 8810 Lichtervelde",www.esdbvba.com,Belgium
ESE Group,+32 58 593950,"Ondernemingenstraat 9, 8630 Veurne",www.esegroup.be,Belgium
Electrical Systems Palmans,+32 12 213563,"Bilzersteenweg 481, 3700 Tongeren",www.electricalsystems.be,Belgium
ESV-Blomme,+32 496 034583,"Groenestraat 20, 8501 Heule",esv-blomme.be,Belgium
Adam Ch SPRL,+32 82 712866,"Rue de Givet, 122, 5570 Beauraing",etsadam.be,Belgium
Ets Briatte S.P.R.L.,+32 68 449011,"Chemin De La Longue Borne, 41, 7060, Soignies",www.briatte.be,Belgium
ETS Christian Laurent Sprl,+32 81 211353,"Rue Basse Chaussée 141, 5022, Namur",www.chauffage-laurent.be,Belgium
Ets Debrulle SPRL,+32 64 369119,"2, Rue Taille Miot, 7134, Epinois-Binche",www.debrulle.com,Belgium
Ets Derenne Thomas,+32 478 642858,"Rue Try des Marais, 7ème Avenue 712, 5651, Walcourt",www.derennethomas.be,Belgium
ETS Schelhaever,+32 484 941141,"Chemin de Biamont 14, 7060 Soignies",www.energies-renouvelables-schel.be,Belgium
EVC,+32 14 842456,"Oude Geelsebaan 102, bus 2, 2431 Veerle",www.evc-elektriciteitswerken.be,Belgium
Elektriciteitswerken Evo Bvba,+32 473 593348,"Doornstraat 81A, 9140, Temse",www.evobvba.be,Belgium
Evocells,+32 86 388138,"Rue du Val d’Or, 1C, B-5374 Maffe",https://evocells.be,Belgium
EVS Systems,+32 3 2966088,"Dorpsplaats 24/4, 2390 Oostmalle",www.evssystems.be,Belgium
EWM Bvba,+32 498 797461,"Luttelvelden 16A, 2270 Herenthout",www.ewmtechnics.be,Belgium
